
-- INSERT INTO 01 ...
INSERT INTO `example` (`ID`, `ACCDB Test File`, `Test Value`) VALUES
  (2,"Purpose:","Provide example file for thi file type"),
  (3,"File Type:","ACCDB"),
  (4,"Version:","1.0"),
  (5,"Remark:","None"),
  (6,"File created by","http://www.online-convert.com"),
  (7,"More example files:","http://www.online-convert.com/file-type"),
  (8,"License:","Attribution-ShareAlike 3.0 Unported (http://creativecommons.org/licenses/by-sa/3.0/)"),
  (9,"Sharing:","Feel free to use and share the file according to the license above.");

-- INSERT INTO 02 ...
INSERT INTO `Destination` (`FlugNr`, `Kategorie`, `Kontinent`, `Staat`) VALUES
  (1,1,"Europa","Norwegen"),
  (2,2,"Afrika","Kenia"),
  (3,3,"Nordamerika","USA"),
  (4,4,"Asien","China"),
  (5,5,"Australien",NULL),
  (6,6,"Südamerika","Peru");

-- INSERT INTO 03 ...
INSERT INTO `Flugplan` (`FlugNr`, `Abflugsort`, `Ziel`, `Flug über`, `Tag`, `Abflug`, `Flugzeit`, `Kategorie`, `Destination`, `Fluggesellschaft`) VALUES
  (1,"Salzburg","Sydney","Wien","Sonntag","1899-12-30 16:50:00",20,1,5,"Austrain Airlines"),
  (2,"Salzburg","Toronto","Zürich","Samstag","1899-12-30 14:50:00",7,1,3,"Swiss Air"),
  (3,"Salzburg","Singapore","Frankfurt","Montag","1899-12-30 06:50:00",10,1,4,"Austrian Airlines"),
  (4,"Salzburg","Wien","direkt","täglich","1899-12-30 09:30:00",1,3,1,"Tyrolean Airways"),
  (5,"Salzburg","Wien","direkt","täglich","1899-12-30 11:45:00",1,3,1,"Tyrolean Airways"),
  (6,"Salzburg","Wien","direkt","täglich","1899-12-30 18:55:00",1,3,1,"Tyrolean Airways"),
  (7,"Salzburg","San Francisco","Frankfurt","Montag","1899-12-30 13:40:00",14,1,3,"Lufthansa"),
  (8,"Salzburg","Los Angeles","Amsterdam","Freitag","1899-12-30 06:35:00",14,1,3,"KLM"),
  (9,"Salzburg","Mexico City","Frankfurt","Samstag","1899-12-30 18:55:00",9,1,3,"Lufthansa"),
  (10,"Salzburg","Mexico City","Amsterdam","Freitag","1899-12-30 10:40:00",9,2,3,"KLM"),
  (11,"Wien","Moskau","direkt","täglich","1899-12-30 15:35:00",3,2,1,"Austrian Airlines"),
  (12,"Wien","Mexico City","Amsterdam","Sonntag","1899-12-30 14:25:00",9,1,3,"KLM"),
  (13,"Wien","Singapure","direkt","Samstag","1899-12-30 06:35:00",11,1,4,"Singapure Airlines"),
  (14,"Wien","Peking","direkt","Freitag","1899-12-30 14:30:00",9,2,4,"Lufthansa"),
  (15,"Wien","London","direkt","täglich","1899-12-30 09:40:00",3,3,1,"Austrian Airlines"),
  (16,"Salzburg","London","direkt","täglich","1899-12-30 14:05:00",3,3,1,"Ryan Air"),
  (17,"Wien","London","direkt","täglich","1899-12-30 13:45:00",3,2,1,"British Airways"),
  (18,"Salzburg","London","direkt","täglich","1899-12-30 18:10:00",3,3,1,"Ryan Air"),
  (19,"Salzburg","New York","Frankfurt","Freitag","1899-12-30 07:45:00",6,1,3,"Lufthansa"),
  (20,"Salzburg","New York","Amsterdam","täglich","1899-12-30 08:35:00",6,1,3,"KLM"),
  (21,"Wien","New York","Frankfurt","täglich","1899-12-30 09:45:00",6,1,3,"Lufthansa"),
  (22,"Wien","New York","Amsterdam","Samstag","1899-12-30 07:05:00",6,1,3,"KLM"),
  (23,"Salzburg","Peking","Wien","Freitag","1899-12-30 12:30:00",9,1,4,"Austrian Airlines"),
  (24,"Salzburg","Peking","Wien","Samstag","1899-12-30 16:35:00",9,1,4,"Austrian Airlines"),
  (25,"Salzburg","Tokyo","Frankfurt","Samstag","1899-12-30 08:40:00",15,1,4,"Lufthansa"),
  (26,"Salzburg","Tokyo","Amsterdam","Freitag","1899-12-30 17:45:00",16,1,4,"KLM"),
  (27,"Salzburg","Kapstadt","Amsterdam","Samstag","1899-12-30 11:25:00",11,1,2,"KLM"),
  (28,"Salzburg","Kapstadt","Frankfurt","Sonntag","1899-12-30 11:20:00",11,1,2,"Lufthansa"),
  (29,"Wien","Kapstadt","direkt","Freitag","1899-12-30 10:45:00",10,1,2,"Austrian Airlines"),
  (30,"Wien","Kapstadt","direkt","Samstag","1899-12-30 09:35:00",10,1,2,"Austrian Airlines"),
  (31,"Salzburg","Rio de Janeiro","Zürich","Freitag","1899-12-30 09:20:00",9,1,6,"Swiss Air"),
  (32,"Salzburg","Rio de Janeiro","Frankfurt","Samstag","1899-12-30 15:45:00",9,2,6,"Lufthansa"),
  (33,"Wien","Rio de Janeiro","Frankfurt","Freitag","1899-12-30 19:25:00",9,2,6,"Iberia"),
  (34,NULL,NULL,NULL,NULL,NULL,0,NULL,NULL,NULL),
  (35,NULL,NULL,NULL,NULL,NULL,0,NULL,NULL,NULL);

-- INSERT INTO 04 ...
INSERT INTO `Kategorien` (`Kategorie`, `Name`) VALUES
  (1,"First Class"),
  (2,"Business"),
  (3,"Economic");

-- INSERT INTO 05 ...
INSERT INTO `Gebrauchtwagen` (`Nummer`, `Marke`, `Baujahr`, `Kilometer`, `PS`, `Klimaanlage`, `Sonstiges`, `verfügbar ab`, `Preis`, `Erstbesitz`, `Farbe`, `Treibstoff`) VALUES
  (1,"VW Golf",2018,25000,75,1,"Tempomat","2020-12-25 00:00:00",13735.0000,0,"rot","Benzin"),
  (2,"Audi A3",2012,75000,90,0,"Tempomat","2021-03-14 00:00:00",5500.0000,1,"silber","Benzin"),
  (3,"Ford Fiesta",2015,120000,90,1,"Winterreifen","2021-03-01 00:00:00",5700.0000,1,"dunkelgrün","Benzin"),
  (4,"Ford Galaxy",2018,35000,115,1,"Winterreifen","2021-03-01 00:00:00",27500.0000,1,"silber","Diesel"),
  (5,"Honda Civic",2016,50000,75,0,"Tempomat","2021-05-01 00:00:00",5500.0000,0,"blau","Benzin"),
  (6,"Citroen C3",2016,25000,60,0,"Airbag","2021-05-10 00:00:00",6000.0000,0,"rot","Benzin"),
  (7,"Mercedes 220 CDI",2019,55000,115,1,"Winterreifen","2010-05-01 00:00:00",24500.0000,1,"blau","Diesel"),
  (8,"Mercedes TE 320",2019,35000,120,1,"Tempomat","2021-03-01 00:00:00",64700.0000,0,"weiß","Diesel"),
  (9,"VW Polo",2016,65000,75,0,"Winterreifen","2021-03-01 00:00:00",6500.0000,0,"rot","Benzin"),
  (10,"Peugeot 206",2018,22000,75,1,"ABS","2021-03-01 00:00:00",8500.0000,0,"silber","Benzin"),
  (11,"Volvo",2018,43000,170,1,"Winterreifen","2021-03-01 00:00:00",27000.0000,1,"goldmetallic","Diesel"),
  (12,"Nissan NX 100",2015,54000,75,0,"Guter Zusatnd","2021-03-01 00:00:00",6500.0000,0,"beige","Benzin"),
  (13,"Toyota Corolla",2017,30000,75,0,"Winterreifen","2021-03-01 00:00:00",11000.0000,1,"blau","Benzin"),
  (14,"BMW Limousine",2016,85000,110,0,"Tempomat","2021-03-01 00:00:00",9300.0000,1,"rot","Benzin"),
  (15,"Renault",2015,78000,75,0,"Kombi","2021-03-01 00:00:00",7500.0000,0,"blau","Benzin"),
  (16,"Fiat Marea",2012,45000,90,0,"Kombi","2021-03-01 00:00:00",5500.0000,0,"schwarz","Benzin"),
  (17,"Ferrari",2016,33000,125,0,"Topzustand","2020-04-12 00:00:00",100000.0000,0,"rot","Benzin"),
  (18,"Mazda 6",2019,48000,75,0,"Winterreifen","2020-07-07 00:00:00",12500.0000,0,"grün","Benzin"),
  (19,"KIA Niro EV long Range",2020,4000,204,1,"Winterreifen","2021-03-01 00:00:00",39000.0000,0,"rot","Elektro"),
  (20,"Opel Signum",2012,90000,90,1,"Tempomat","2015-04-01 00:00:00",4500.0000,1,"schwarz","Benzin"),
  (21,"Ford B-Max Trend 1,0 EcoBoost",2012,59800,101,1,"Euro 6d-TEMP","2021-02-05 00:00:00",8000.0000,1,"blau","Benzin"),
  (22,"VW Tiguan 2,0 TDI Sport&Style BMT DPF",2012,175000,110,1,"Tempomat","2021-02-05 00:00:00",12880.0000,1,"Silber","Diesel"),
  (23,"Mercedes-Benz C-200",2014,75000,184,1,"Garagengepflegt","2020-12-23 00:00:00",9860.0000,0,"rot","Benzin"),
  (24,"VW Volkswagen CC Sport BMT 2.0 TDI",2013,95000,177,1,"Sommerreifen neu","2021-01-25 00:00:00",12450.0000,0,"bronze","Diesel"),
  (25,"Hyundai i30 CW 1,0 T-GDI Level 3 Plus",2019,28500,120,1,"Tempomat","2022-07-13 00:00:00",17860.0000,1,"Silber","Benzin"),
  (26,"BMW X1 225d SUV",2020,31875,231,1,"Allrad","2021-01-08 00:00:00",32880.0000,0,"grau","Diesel"),
  (27,"Seat Leon Chili Copa 1,4",2012,83450,86,1,"Erstbesitz","2021-03-05 00:00:00",5780.0000,0,"grau","Benzin"),
  (28,"Seat Mii electric *PLUS",2020,10,83,1,"Tempomat","2022-03-07 00:00:00",23460.0000,1,"weiß","Elektro");

-- INSERT INTO 06 ...
INSERT INTO `Customers` (`ID`, `Company`, `Last Name`, `First Name`, `E-mail Address`, `Job Title`, `Business Phone`, `Home Phone`, `Mobile Phone`, `Fax Number`, `Address`, `City`, `State/Province`, `ZIP/Postal Code`, `Country/Region`, `Web Page`, `Notes`, `Attachments`) VALUES
  (1,"Company A","Bedecs","Anna",NULL,"Owner","(123)555-0100",NULL,NULL,"(123)555-0101","123 1st Street","Seattle","WA","99999","USA",NULL,NULL,1),
  (2,"Company B","Gratacos Solsona","Antonio",NULL,"Owner","(123)555-0100",NULL,NULL,"(123)555-0101","123 2nd Street","Boston","MA","99999","USA",NULL,NULL,2),
  (3,"Company C","Axen","Thomas",NULL,"Purchasing Representative","(123)555-0100",NULL,NULL,"(123)555-0101","123 3rd Street","Los Angelas","CA","99999","USA",NULL,NULL,3),
  (4,"Company D","Lee","Christina",NULL,"Purchasing Manager","(123)555-0100",NULL,NULL,"(123)555-0101","123 4th Street","New York","NY","99999","USA",NULL,NULL,4),
  (5,"Company E","O’Donnell","Martin",NULL,"Owner","(123)555-0100",NULL,NULL,"(123)555-0101","123 5th Street","Minneapolis","MN","99999","USA",NULL,NULL,5),
  (6,"Company F","Pérez-Olaeta","Francisco",NULL,"Purchasing Manager","(123)555-0100",NULL,NULL,"(123)555-0101","123 6th Street","Milwaukee","WI","99999","USA",NULL,NULL,6),
  (7,"Company G","Xie","Ming-Yang",NULL,"Owner","(123)555-0100",NULL,NULL,"(123)555-0101","123 7th Street","Boise","ID","99999","USA",NULL,NULL,7),
  (8,"Company H","Andersen","Elizabeth",NULL,"Purchasing Representative","(123)555-0100",NULL,NULL,"(123)555-0101","123 8th Street","Portland","OR","99999","USA",NULL,NULL,8),
  (9,"Company I","Mortensen","Sven",NULL,"Purchasing Manager","(123)555-0100",NULL,NULL,"(123)555-0101","123 9th Street","Salt Lake City","UT","99999","USA",NULL,NULL,9),
  (10,"Company J","Wacker","Roland",NULL,"Purchasing Manager","(123)555-0100",NULL,NULL,"(123)555-0101","123 10th Street","Chicago","IL","99999","USA",NULL,NULL,10),
  (11,"Company K","Krschne","Peter",NULL,"Purchasing Manager","(123)555-0100",NULL,NULL,"(123)555-0101","123 11th Street","Miami","FL","99999","USA",NULL,NULL,11),
  (12,"Company L","Edwards","John",NULL,"Purchasing Manager","(123)555-0100",NULL,NULL,"(123)555-0101","123 12th Street","Las Vegas","NV","99999","USA",NULL,NULL,12),
  (13,"Company M","Ludick","Andre",NULL,"Purchasing Representative","(123)555-0100",NULL,NULL,"(123)555-0101","456 13th Street","Memphis","TN","99999","USA",NULL,NULL,13),
  (14,"Company N","Grilo","Carlos",NULL,"Purchasing Representative","(123)555-0100",NULL,NULL,"(123)555-0101","456 14th Street","Denver","CO","99999","USA",NULL,NULL,14),
  (15,"Company O","Kupkova","Helena",NULL,"Purchasing Manager","(123)555-0100",NULL,NULL,"(123)555-0101","456 15th Street","Honolulu","HI","99999","USA",NULL,NULL,15),
  (16,"Company P","Goldschmidt","Daniel",NULL,"Purchasing Representative","(123)555-0100",NULL,NULL,"(123)555-0101","456 16th Street","San Francisco","CA","99999","USA",NULL,NULL,16),
  (17,"Company Q","Bagel","Jean Philippe",NULL,"Owner","(123)555-0100",NULL,NULL,"(123)555-0101","456 17th Street","Seattle","WA","99999","USA",NULL,NULL,17),
  (18,"Company R","Autier Miconi","Catherine",NULL,"Purchasing Representative","(123)555-0100",NULL,NULL,"(123)555-0101","456 18th Street","Boston","MA","99999","USA",NULL,NULL,18),
  (19,"Company S","Eggerer","Alexander",NULL,"Accounting Assistant","(123)555-0100",NULL,NULL,"(123)555-0101","789 19th Street","Los Angelas","CA","99999","USA",NULL,NULL,19),
  (20,"Company T","Li","George",NULL,"Purchasing Manager","(123)555-0100",NULL,NULL,"(123)555-0101","789 20th Street","New York","NY","99999","USA",NULL,NULL,20),
  (21,"Company U","Tham","Bernard",NULL,"Accounting Manager","(123)555-0100",NULL,NULL,"(123)555-0101","789 21th Street","Minneapolis","MN","99999","USA",NULL,NULL,21),
  (22,"Company V","Ramos","Luciana",NULL,"Purchasing Assistant","(123)555-0100",NULL,NULL,"(123)555-0101","789 22th Street","Milwaukee","WI","99999","USA",NULL,NULL,22),
  (23,"Company W","Entin","Michael",NULL,"Purchasing Manager","(123)555-0100",NULL,NULL,"(123)555-0101","789 23th Street","Portland","OR","99999","USA",NULL,NULL,23),
  (24,"Company X","Hasselberg","Jonas",NULL,"Owner","(123)555-0100",NULL,NULL,"(123)555-0101","789 24th Street","Salt Lake City","UT","99999","USA",NULL,NULL,24),
  (25,"Company Y","Rodman","John",NULL,"Purchasing Manager","(123)555-0100",NULL,NULL,"(123)555-0101","789 25th Street","Chicago","IL","99999","USA",NULL,NULL,25),
  (26,"Company Z","Liu","Run",NULL,"Accounting Assistant","(123)555-0100",NULL,NULL,"(123)555-0101","789 26th Street","Miami","FL","99999","USA",NULL,NULL,26),
  (27,"Company AA","Toh","Karen",NULL,"Purchasing Manager","(123)555-0100",NULL,NULL,"(123)555-0101","789 27th Street","Las Vegas","NV","99999","USA",NULL,NULL,27),
  (28,"Company BB","Raghav","Amritansh",NULL,"Purchasing Manager","(123)555-0100",NULL,NULL,"(123)555-0101","789 28th Street","Memphis","TN","99999","USA",NULL,NULL,28),
  (29,"Company CC","Lee","Soo Jung",NULL,"Purchasing Manager","(123)555-0100",NULL,NULL,"(123)555-0101","789 29th Street","Denver","CO","99999","USA",NULL,NULL,29);

-- INSERT INTO 07 ...
INSERT INTO `Employee Privileges` (`Employee ID`, `Privilege ID`) VALUES
  (2,2);

-- INSERT INTO 08 ...
INSERT INTO `Employees` (`ID`, `Company`, `Last Name`, `First Name`, `E-mail Address`, `Job Title`, `Business Phone`, `Home Phone`, `Mobile Phone`, `Fax Number`, `Address`, `City`, `State/Province`, `ZIP/Postal Code`, `Country/Region`, `Web Page`, `Notes`, `Attachments`) VALUES
  (1,"Northwind Traders","Freehafer","Nancy","nancy@northwindtraders.com","Sales Representative","(123)555-0100","(123)555-0102",NULL,"(123)555-0103","123 1st Avenue","Seattle","WA","99999","USA","#http://northwindtraders.com#",NULL,1),
  (2,"Northwind Traders","Cencini","Andrew","andrew@northwindtraders.com","Vice President, Sales","(123)555-0100","(123)555-0102",NULL,"(123)555-0103","123 2nd Avenue","Bellevue","WA","99999","USA","http://northwindtraders.com#http://northwindtraders.com/#","Joined the company as a sales representative, was promoted to sales manager and was then named vice president of sales.",2),
  (3,"Northwind Traders","Kotas","Jan","jan@northwindtraders.com","Sales Representative","(123)555-0100","(123)555-0102",NULL,"(123)555-0103","123 3rd Avenue","Redmond","WA","99999","USA","http://northwindtraders.com#http://northwindtraders.com/#","Was hired as a sales associate and was promoted to sales representative.",3),
  (4,"Northwind Traders","Sergienko","Mariya","mariya@northwindtraders.com","Sales Representative","(123)555-0100","(123)555-0102",NULL,"(123)555-0103","123 4th Avenue","Kirkland","WA","99999","USA","http://northwindtraders.com#http://northwindtraders.com/#",NULL,4),
  (5,"Northwind Traders","Thorpe","Steven","steven@northwindtraders.com","Sales Manager","(123)555-0100","(123)555-0102",NULL,"(123)555-0103","123 5th Avenue","Seattle","WA","99999","USA","http://northwindtraders.com#http://northwindtraders.com/#","Joined the company as a sales representative and was promoted to sales manager.  Fluent in French.",5),
  (6,"Northwind Traders","Neipper","Michael","michael@northwindtraders.com","Sales Representative","(123)555-0100","(123)555-0102",NULL,"(123)555-0103","123 6th Avenue","Redmond","WA","99999","USA","http://northwindtraders.com#http://northwindtraders.com/#","Fluent in Japanese and can read and write French, Portuguese, and Spanish.",6),
  (7,"Northwind Traders","Zare","Robert","robert@northwindtraders.com","Sales Representative","(123)555-0100","(123)555-0102",NULL,"(123)555-0103","123 7th Avenue","Seattle","WA","99999","USA","http://northwindtraders.com#http://northwindtraders.com/#",NULL,7),
  (8,"Northwind Traders","Giussani","Laura","laura@northwindtraders.com","Sales Coordinator","(123)555-0100","(123)555-0102",NULL,"(123)555-0103","123 8th Avenue","Redmond","WA","99999","USA","http://northwindtraders.com#http://northwindtraders.com/#","Reads and writes French.",8),
  (9,"Northwind Traders","Hellung-Larsen","Anne","anne@northwindtraders.com","Sales Representative","(123)555-0100","(123)555-0102",NULL,"(123)555-0103","123 9th Avenue","Seattle","WA","99999","USA","http://northwindtraders.com#http://northwindtraders.com/#","Fluent in French and German.",9);

-- INSERT INTO 09 ...
INSERT INTO `Inventory Transaction Types` (`ID`, `Type Name`) VALUES
  (1,"Purchased"),
  (2,"Sold"),
  (3,"On Hold"),
  (4,"Waste");

-- INSERT INTO 10 ...
INSERT INTO `Inventory Transactions` (`Transaction ID`, `Transaction Type`, `Transaction Created Date`, `Transaction Modified Date`, `Product ID`, `Quantity`, `Purchase Order ID`, `Customer Order ID`, `Comments`) VALUES
  (35,1,"2006-03-22 16:02:28","2006-03-22 16:02:28",80,75,NULL,NULL,NULL),
  (36,1,"2006-03-22 16:02:48","2006-03-22 16:02:48",72,40,NULL,NULL,NULL),
  (37,1,"2006-03-22 16:03:04","2006-03-22 16:03:04",52,100,NULL,NULL,NULL),
  (38,1,"2006-03-22 16:03:09","2006-03-22 16:03:09",56,120,NULL,NULL,NULL),
  (39,1,"2006-03-22 16:03:14","2006-03-22 16:03:14",57,80,NULL,NULL,NULL),
  (40,1,"2006-03-22 16:03:40","2006-03-22 16:03:40",6,100,NULL,NULL,NULL),
  (41,1,"2006-03-22 16:03:47","2006-03-22 16:03:47",7,40,NULL,NULL,NULL),
  (42,1,"2006-03-22 16:03:54","2006-03-22 16:03:54",8,40,NULL,NULL,NULL),
  (43,1,"2006-03-22 16:04:02","2006-03-22 16:04:02",14,40,NULL,NULL,NULL),
  (44,1,"2006-03-22 16:04:07","2006-03-22 16:04:07",17,40,NULL,NULL,NULL),
  (45,1,"2006-03-22 16:04:12","2006-03-22 16:04:12",19,20,NULL,NULL,NULL),
  (46,1,"2006-03-22 16:04:17","2006-03-22 16:04:17",20,40,NULL,NULL,NULL),
  (47,1,"2006-03-22 16:04:20","2006-03-22 16:04:20",21,20,NULL,NULL,NULL),
  (48,1,"2006-03-22 16:04:24","2006-03-22 16:04:24",40,120,NULL,NULL,NULL),
  (49,1,"2006-03-22 16:04:28","2006-03-22 16:04:28",41,40,NULL,NULL,NULL),
  (50,1,"2006-03-22 16:04:31","2006-03-22 16:04:31",48,100,NULL,NULL,NULL),
  (51,1,"2006-03-22 16:04:38","2006-03-22 16:04:38",51,40,NULL,NULL,NULL),
  (52,1,"2006-03-22 16:04:41","2006-03-22 16:04:41",74,20,NULL,NULL,NULL),
  (53,1,"2006-03-22 16:04:45","2006-03-22 16:04:45",77,60,NULL,NULL,NULL),
  (54,1,"2006-03-22 16:05:07","2006-03-22 16:05:07",3,100,NULL,NULL,NULL),
  (55,1,"2006-03-22 16:05:11","2006-03-22 16:05:11",4,40,NULL,NULL,NULL),
  (56,1,"2006-03-22 16:05:14","2006-03-22 16:05:14",5,40,NULL,NULL,NULL),
  (57,1,"2006-03-22 16:05:26","2006-03-22 16:05:26",65,40,NULL,NULL,NULL),
  (58,1,"2006-03-22 16:05:32","2006-03-22 16:05:32",66,80,NULL,NULL,NULL),
  (59,1,"2006-03-22 16:05:47","2006-03-22 16:05:47",1,40,NULL,NULL,NULL),
  (60,1,"2006-03-22 16:05:51","2006-03-22 16:05:51",34,60,NULL,NULL,NULL),
  (61,1,"2006-03-22 16:06:00","2006-03-22 16:06:00",43,100,NULL,NULL,NULL),
  (62,1,"2006-03-22 16:06:03","2006-03-22 16:06:03",81,125,NULL,NULL,NULL),
  (63,2,"2006-03-22 16:07:56","2006-03-24 11:03:00",80,30,NULL,NULL,NULL),
  (64,2,"2006-03-22 16:08:19","2006-03-22 16:08:59",7,10,NULL,NULL,NULL),
  (65,2,"2006-03-22 16:08:29","2006-03-22 16:08:59",51,10,NULL,NULL,NULL),
  (66,2,"2006-03-22 16:08:37","2006-03-22 16:08:59",80,10,NULL,NULL,NULL),
  (67,2,"2006-03-22 16:09:46","2006-03-22 16:10:27",1,15,NULL,NULL,NULL),
  (68,2,"2006-03-22 16:10:06","2006-03-22 16:10:27",43,20,NULL,NULL,NULL),
  (69,2,"2006-03-22 16:11:39","2006-03-24 11:00:55",19,20,NULL,NULL,NULL),
  (70,2,"2006-03-22 16:11:56","2006-03-24 10:59:41",48,10,NULL,NULL,NULL),
  (71,2,"2006-03-22 16:12:29","2006-03-24 10:57:38",8,17,NULL,NULL,NULL),
  (72,1,"2006-03-24 10:41:30","2006-03-24 10:41:30",81,200,NULL,NULL,NULL),
  (73,2,"2006-03-24 10:41:33","2006-03-24 10:41:42",81,200,NULL,NULL,"Fill Back Ordered product, Order #40"),
  (74,1,"2006-03-24 10:53:13","2006-03-24 10:53:13",48,100,NULL,NULL,NULL),
  (75,2,"2006-03-24 10:53:16","2006-03-24 10:55:46",48,100,NULL,NULL,"Fill Back Ordered product, Order #39"),
  (76,1,"2006-03-24 10:53:36","2006-03-24 10:53:36",43,300,NULL,NULL,NULL),
  (77,2,"2006-03-24 10:53:39","2006-03-24 10:56:57",43,300,NULL,NULL,"Fill Back Ordered product, Order #38"),
  (78,1,"2006-03-24 10:54:04","2006-03-24 10:54:04",41,200,NULL,NULL,NULL),
  (79,2,"2006-03-24 10:54:07","2006-03-24 10:58:40",41,200,NULL,NULL,"Fill Back Ordered product, Order #36"),
  (80,1,"2006-03-24 10:54:33","2006-03-24 10:54:33",19,30,NULL,NULL,NULL),
  (81,2,"2006-03-24 10:54:35","2006-03-24 11:02:02",19,30,NULL,NULL,"Fill Back Ordered product, Order #33"),
  (82,1,"2006-03-24 10:54:58","2006-03-24 10:54:58",34,100,NULL,NULL,NULL),
  (83,2,"2006-03-24 10:55:02","2006-03-24 11:03:00",34,100,NULL,NULL,"Fill Back Ordered product, Order #30"),
  (84,2,"2006-03-24 14:48:15","2006-04-04 11:41:14",6,10,NULL,NULL,NULL),
  (85,2,"2006-03-24 14:48:23","2006-04-04 11:41:14",4,10,NULL,NULL,NULL),
  (86,3,"2006-03-24 14:49:16","2006-03-24 14:49:16",80,20,NULL,NULL,NULL),
  (87,3,"2006-03-24 14:49:20","2006-03-24 14:49:20",81,50,NULL,NULL,NULL),
  (88,3,"2006-03-24 14:50:09","2006-03-24 14:50:09",1,25,NULL,NULL,NULL),
  (89,3,"2006-03-24 14:50:14","2006-03-24 14:50:14",43,25,NULL,NULL,NULL),
  (90,3,"2006-03-24 14:50:18","2006-03-24 14:50:18",81,25,NULL,NULL,NULL),
  (91,2,"2006-03-24 14:51:03","2006-04-04 11:09:24",40,50,NULL,NULL,NULL),
  (92,2,"2006-03-24 14:55:03","2006-04-04 11:06:56",21,20,NULL,NULL,NULL),
  (93,2,"2006-03-24 14:55:39","2006-04-04 11:06:13",5,25,NULL,NULL,NULL),
  (94,2,"2006-03-24 14:55:52","2006-04-04 11:06:13",41,30,NULL,NULL,NULL),
  (95,2,"2006-03-24 14:56:09","2006-04-04 11:06:13",40,30,NULL,NULL,NULL),
  (96,3,"2006-03-30 16:46:34","2006-03-30 16:46:34",34,12,NULL,NULL,NULL),
  (97,3,"2006-03-30 17:23:27","2006-03-30 17:23:27",34,10,NULL,NULL,NULL),
  (98,3,"2006-03-30 17:24:33","2006-03-30 17:24:33",34,1,NULL,NULL,NULL),
  (99,2,"2006-04-03 13:50:08","2006-04-03 13:50:15",48,10,NULL,NULL,NULL),
  (100,1,"2006-04-04 11:00:54","2006-04-04 11:00:54",57,100,NULL,NULL,NULL),
  (101,2,"2006-04-04 11:00:56","2006-04-04 11:08:49",57,100,NULL,NULL,"Fill Back Ordered product, Order #46"),
  (102,1,"2006-04-04 11:01:14","2006-04-04 11:01:14",34,50,NULL,NULL,NULL),
  (103,1,"2006-04-04 11:01:35","2006-04-04 11:01:35",43,250,NULL,NULL,NULL),
  (104,3,"2006-04-04 11:01:37","2006-04-04 11:01:37",43,300,NULL,NULL,"Fill Back Ordered product, Order #41"),
  (105,1,"2006-04-04 11:01:55","2006-04-04 11:01:55",8,25,NULL,NULL,NULL),
  (106,2,"2006-04-04 11:01:58","2006-04-04 11:07:37",8,25,NULL,NULL,"Fill Back Ordered product, Order #48"),
  (107,1,"2006-04-04 11:02:17","2006-04-04 11:02:17",34,300,NULL,NULL,NULL),
  (108,2,"2006-04-04 11:02:19","2006-04-04 11:08:14",34,300,NULL,NULL,"Fill Back Ordered product, Order #47"),
  (109,1,"2006-04-04 11:02:37","2006-04-04 11:02:37",19,25,NULL,NULL,NULL),
  (110,2,"2006-04-04 11:02:39","2006-04-04 11:41:14",19,10,NULL,NULL,"Fill Back Ordered product, Order #42"),
  (111,1,"2006-04-04 11:02:56","2006-04-04 11:02:56",19,10,NULL,NULL,NULL),
  (112,2,"2006-04-04 11:02:58","2006-04-04 11:07:37",19,25,NULL,NULL,"Fill Back Ordered product, Order #48"),
  (113,1,"2006-04-04 11:03:12","2006-04-04 11:03:12",72,50,NULL,NULL,NULL),
  (114,2,"2006-04-04 11:03:14","2006-04-04 11:08:49",72,50,NULL,NULL,"Fill Back Ordered product, Order #46"),
  (115,1,"2006-04-04 11:03:38","2006-04-04 11:03:38",41,50,NULL,NULL,NULL),
  (116,2,"2006-04-04 11:03:39","2006-04-04 11:09:24",41,50,NULL,NULL,"Fill Back Ordered product, Order #45"),
  (117,2,"2006-04-04 11:04:55","2006-04-04 11:05:04",34,87,NULL,NULL,NULL),
  (118,2,"2006-04-04 11:35:50","2006-04-04 11:35:54",51,30,NULL,NULL,NULL),
  (119,2,"2006-04-04 11:35:51","2006-04-04 11:35:54",7,30,NULL,NULL,NULL),
  (120,2,"2006-04-04 11:36:15","2006-04-04 11:36:21",17,40,NULL,NULL,NULL),
  (121,2,"2006-04-04 11:36:39","2006-04-04 11:36:47",6,90,NULL,NULL,NULL),
  (122,2,"2006-04-04 11:37:06","2006-04-04 11:37:09",4,30,NULL,NULL,NULL),
  (123,2,"2006-04-04 11:37:45","2006-04-04 11:37:49",48,40,NULL,NULL,NULL),
  (124,2,"2006-04-04 11:38:07","2006-04-04 11:38:11",48,40,NULL,NULL,NULL),
  (125,2,"2006-04-04 11:38:27","2006-04-04 11:38:32",41,10,NULL,NULL,NULL),
  (126,2,"2006-04-04 11:38:48","2006-04-04 11:38:53",43,5,NULL,NULL,NULL),
  (127,2,"2006-04-04 11:39:12","2006-04-04 11:39:29",40,40,NULL,NULL,NULL),
  (128,2,"2006-04-04 11:39:50","2006-04-04 11:39:53",8,20,NULL,NULL,NULL),
  (129,2,"2006-04-04 11:40:13","2006-04-04 11:40:16",80,15,NULL,NULL,NULL),
  (130,2,"2006-04-04 11:40:32","2006-04-04 11:40:38",74,20,NULL,NULL,NULL),
  (131,2,"2006-04-04 11:41:39","2006-04-04 11:41:45",72,40,NULL,NULL,NULL),
  (132,2,"2006-04-04 11:42:17","2006-04-04 11:42:26",3,50,NULL,NULL,NULL),
  (133,2,"2006-04-04 11:42:24","2006-04-04 11:42:26",8,3,NULL,NULL,NULL),
  (134,2,"2006-04-04 11:42:48","2006-04-04 11:43:08",20,40,NULL,NULL,NULL),
  (135,2,"2006-04-04 11:43:05","2006-04-04 11:43:08",52,40,NULL,NULL,NULL),
  (136,3,"2006-04-25 17:04:05","2006-04-25 17:04:57",56,110,NULL,NULL,NULL);

-- INSERT INTO 11 ...
INSERT INTO `Invoices` (`Invoice ID`, `Order ID`, `Invoice Date`, `Due Date`, `Tax`, `Shipping`, `Amount Due`) VALUES
  (5,31,"2006-03-22 16:08:59",NULL,0.0000,0.0000,0.0000),
  (6,32,"2006-03-22 16:10:27",NULL,0.0000,0.0000,0.0000),
  (7,40,"2006-03-24 10:41:41",NULL,0.0000,0.0000,0.0000),
  (8,39,"2006-03-24 10:55:46",NULL,0.0000,0.0000,0.0000),
  (9,38,"2006-03-24 10:56:57",NULL,0.0000,0.0000,0.0000),
  (10,37,"2006-03-24 10:57:38",NULL,0.0000,0.0000,0.0000),
  (11,36,"2006-03-24 10:58:40",NULL,0.0000,0.0000,0.0000),
  (12,35,"2006-03-24 10:59:41",NULL,0.0000,0.0000,0.0000),
  (13,34,"2006-03-24 11:00:55",NULL,0.0000,0.0000,0.0000),
  (14,33,"2006-03-24 11:02:02",NULL,0.0000,0.0000,0.0000),
  (15,30,"2006-03-24 11:03:00",NULL,0.0000,0.0000,0.0000),
  (16,56,"2006-04-03 13:50:15",NULL,0.0000,0.0000,0.0000),
  (17,55,"2006-04-04 11:05:04",NULL,0.0000,0.0000,0.0000),
  (18,51,"2006-04-04 11:06:13",NULL,0.0000,0.0000,0.0000),
  (19,50,"2006-04-04 11:06:56",NULL,0.0000,0.0000,0.0000),
  (20,48,"2006-04-04 11:07:37",NULL,0.0000,0.0000,0.0000),
  (21,47,"2006-04-04 11:08:14",NULL,0.0000,0.0000,0.0000),
  (22,46,"2006-04-04 11:08:49",NULL,0.0000,0.0000,0.0000),
  (23,45,"2006-04-04 11:09:24",NULL,0.0000,0.0000,0.0000),
  (24,79,"2006-04-04 11:35:54",NULL,0.0000,0.0000,0.0000),
  (25,78,"2006-04-04 11:36:21",NULL,0.0000,0.0000,0.0000),
  (26,77,"2006-04-04 11:36:47",NULL,0.0000,0.0000,0.0000),
  (27,76,"2006-04-04 11:37:09",NULL,0.0000,0.0000,0.0000),
  (28,75,"2006-04-04 11:37:49",NULL,0.0000,0.0000,0.0000),
  (29,74,"2006-04-04 11:38:11",NULL,0.0000,0.0000,0.0000),
  (30,73,"2006-04-04 11:38:32",NULL,0.0000,0.0000,0.0000),
  (31,72,"2006-04-04 11:38:53",NULL,0.0000,0.0000,0.0000),
  (32,71,"2006-04-04 11:39:29",NULL,0.0000,0.0000,0.0000),
  (33,70,"2006-04-04 11:39:53",NULL,0.0000,0.0000,0.0000),
  (34,69,"2006-04-04 11:40:16",NULL,0.0000,0.0000,0.0000),
  (35,67,"2006-04-04 11:40:38",NULL,0.0000,0.0000,0.0000),
  (36,42,"2006-04-04 11:41:14",NULL,0.0000,0.0000,0.0000),
  (37,60,"2006-04-04 11:41:45",NULL,0.0000,0.0000,0.0000),
  (38,63,"2006-04-04 11:42:26",NULL,0.0000,0.0000,0.0000),
  (39,58,"2006-04-04 11:43:08",NULL,0.0000,0.0000,0.0000);

-- INSERT INTO 12 ...
INSERT INTO `Order Details` (`ID`, `Order ID`, `Product ID`, `Quantity`, `Unit Price`, `Discount`, `Status ID`, `Date Allocated`, `Purchase Order ID`, `Inventory ID`) VALUES
  (27,30,34,100.0000,14.0000,0,2,NULL,96,83),
  (28,30,80,30.0000,3.5000,0,2,NULL,NULL,63),
  (29,31,7,10.0000,30.0000,0,2,NULL,NULL,64),
  (30,31,51,10.0000,53.0000,0,2,NULL,NULL,65),
  (31,31,80,10.0000,3.5000,0,2,NULL,NULL,66),
  (32,32,1,15.0000,18.0000,0,2,NULL,NULL,67),
  (33,32,43,20.0000,46.0000,0,2,NULL,NULL,68),
  (34,33,19,30.0000,9.2000,0,2,NULL,97,81),
  (35,34,19,20.0000,9.2000,0,2,NULL,NULL,69),
  (36,35,48,10.0000,12.7500,0,2,NULL,NULL,70),
  (37,36,41,200.0000,9.6500,0,2,NULL,98,79),
  (38,37,8,17.0000,40.0000,0,2,NULL,NULL,71),
  (39,38,43,300.0000,46.0000,0,2,NULL,99,77),
  (40,39,48,100.0000,12.7500,0,2,NULL,100,75),
  (41,40,81,200.0000,2.9900,0,2,NULL,101,73),
  (42,41,43,300.0000,46.0000,0,1,NULL,102,104),
  (43,42,6,10.0000,25.0000,0,2,NULL,NULL,84),
  (44,42,4,10.0000,22.0000,0,2,NULL,NULL,85),
  (45,42,19,10.0000,9.2000,0,2,NULL,103,110),
  (46,43,80,20.0000,3.5000,0,1,NULL,NULL,86),
  (47,43,81,50.0000,2.9900,0,1,NULL,NULL,87),
  (48,44,1,25.0000,18.0000,0,1,NULL,NULL,88),
  (49,44,43,25.0000,46.0000,0,1,NULL,NULL,89),
  (50,44,81,25.0000,2.9900,0,1,NULL,NULL,90),
  (51,45,41,50.0000,9.6500,0,2,NULL,104,116),
  (52,45,40,50.0000,18.4000,0,2,NULL,NULL,91),
  (53,46,57,100.0000,19.5000,0,2,NULL,105,101),
  (54,46,72,50.0000,34.8000,0,2,NULL,106,114),
  (55,47,34,300.0000,14.0000,0,2,NULL,107,108),
  (56,48,8,25.0000,40.0000,0,2,NULL,108,106),
  (57,48,19,25.0000,9.2000,0,2,NULL,109,112),
  (59,50,21,20.0000,10.0000,0,2,NULL,NULL,92),
  (60,51,5,25.0000,21.3500,0,2,NULL,NULL,93),
  (61,51,41,30.0000,9.6500,0,2,NULL,NULL,94),
  (62,51,40,30.0000,18.4000,0,2,NULL,NULL,95),
  (66,56,48,10.0000,12.7500,0,2,NULL,111,99),
  (67,55,34,87.0000,14.0000,0,2,NULL,NULL,117),
  (68,79,7,30.0000,30.0000,0,2,NULL,NULL,119),
  (69,79,51,30.0000,53.0000,0,2,NULL,NULL,118),
  (70,78,17,40.0000,39.0000,0,2,NULL,NULL,120),
  (71,77,6,90.0000,25.0000,0,2,NULL,NULL,121),
  (72,76,4,30.0000,22.0000,0,2,NULL,NULL,122),
  (73,75,48,40.0000,12.7500,0,2,NULL,NULL,123),
  (74,74,48,40.0000,12.7500,0,2,NULL,NULL,124),
  (75,73,41,10.0000,9.6500,0,2,NULL,NULL,125),
  (76,72,43,5.0000,46.0000,0,2,NULL,NULL,126),
  (77,71,40,40.0000,18.4000,0,2,NULL,NULL,127),
  (78,70,8,20.0000,40.0000,0,2,NULL,NULL,128),
  (79,69,80,15.0000,3.5000,0,2,NULL,NULL,129),
  (80,67,74,20.0000,10.0000,0,2,NULL,NULL,130),
  (81,60,72,40.0000,34.8000,0,2,NULL,NULL,131),
  (82,63,3,50.0000,10.0000,0,2,NULL,NULL,132),
  (83,63,8,3.0000,40.0000,0,2,NULL,NULL,133),
  (84,58,20,40.0000,81.0000,0,2,NULL,NULL,134),
  (85,58,52,40.0000,7.0000,0,2,NULL,NULL,135),
  (86,80,56,10.0000,38.0000,0,1,NULL,NULL,136),
  (90,81,81,0.0000,2.9900,0,5,NULL,NULL,NULL),
  (91,81,56,0.0000,38.0000,0,0,NULL,NULL,NULL);

-- INSERT INTO 13 ...
INSERT INTO `Order Details Status` (`Status ID`, `Status Name`) VALUES
  (0,"None"),
  (1,"Allocated"),
  (2,"Invoiced"),
  (3,"Shipped"),
  (4,"On Order"),
  (5,"No Stock");

-- INSERT INTO 14 ...
INSERT INTO `Orders` (`Order ID`, `VersionHistory_F5F8918F-0A3F-4DA9-AE71-184EE5012880`, `Employee ID`, `Customer ID`, `Order Date`, `Shipped Date`, `Shipper ID`, `Ship Name`, `Ship Address`, `Ship City`, `Ship State/Province`, `Ship ZIP/Postal Code`, `Ship Country/Region`, `Shipping Fee`, `Taxes`, `Payment Type`, `Paid Date`, `Notes`, `Tax Rate`, `Tax Status`, `Status ID`) VALUES
  (30,1,9,27,"2006-01-15 00:00:00","2006-01-22 00:00:00",2,"Karen Toh","789 27th Street","Las Vegas","NV","99999","USA",200.0000,0.0000,"Check","2006-01-15 00:00:00",NULL,0,NULL,3),
  (31,2,3,4,"2006-01-20 00:00:00","2006-01-22 00:00:00",1,"Christina Lee","123 4th Street","New York","NY","99999","USA",5.0000,0.0000,"Credit Card","2006-01-20 00:00:00",NULL,0,NULL,3),
  (32,3,4,12,"2006-01-22 00:00:00","2006-01-22 00:00:00",2,"John Edwards","123 12th Street","Las Vegas","NV","99999","USA",5.0000,0.0000,"Credit Card","2006-01-22 00:00:00",NULL,0,NULL,3),
  (33,4,6,8,"2006-01-30 00:00:00","2006-01-31 00:00:00",3,"Elizabeth Andersen","123 8th Street","Portland","OR","99999","USA",50.0000,0.0000,"Credit Card","2006-01-30 00:00:00",NULL,0,NULL,3),
  (34,5,9,4,"2006-02-06 00:00:00","2006-02-07 00:00:00",3,"Christina Lee","123 4th Street","New York","NY","99999","USA",4.0000,0.0000,"Check","2006-02-06 00:00:00",NULL,0,NULL,3),
  (35,6,3,29,"2006-02-10 00:00:00","2006-02-12 00:00:00",2,"Soo Jung Lee","789 29th Street","Denver","CO","99999","USA",7.0000,0.0000,"Check","2006-02-10 00:00:00",NULL,0,NULL,3),
  (36,7,4,3,"2006-02-23 00:00:00","2006-02-25 00:00:00",2,"Thomas Axen","123 3rd Street","Los Angelas","CA","99999","USA",7.0000,0.0000,"Cash","2006-02-23 00:00:00",NULL,0,NULL,3),
  (37,8,8,6,"2006-03-06 00:00:00","2006-03-09 00:00:00",2,"Francisco Pérez-Olaeta","123 6th Street","Milwaukee","WI","99999","USA",12.0000,0.0000,"Credit Card","2006-03-06 00:00:00",NULL,0,NULL,3),
  (38,9,9,28,"2006-03-10 00:00:00","2006-03-11 00:00:00",3,"Amritansh Raghav","789 28th Street","Memphis","TN","99999","USA",10.0000,0.0000,"Check","2006-03-10 00:00:00",NULL,0,NULL,3),
  (39,10,3,8,"2006-03-22 00:00:00","2006-03-24 00:00:00",3,"Elizabeth Andersen","123 8th Street","Portland","OR","99999","USA",5.0000,0.0000,"Check","2006-03-22 00:00:00",NULL,0,NULL,3),
  (40,11,4,10,"2006-03-24 00:00:00","2006-03-24 00:00:00",2,"Roland Wacker","123 10th Street","Chicago","IL","99999","USA",9.0000,0.0000,"Credit Card","2006-03-24 00:00:00",NULL,0,NULL,3),
  (41,12,1,7,"2006-03-24 00:00:00",NULL,NULL,"Ming-Yang Xie","123 7th Street","Boise","ID","99999","USA",0.0000,0.0000,NULL,NULL,NULL,0,NULL,0),
  (42,13,1,10,"2006-03-24 00:00:00","2006-04-07 00:00:00",1,"Roland Wacker","123 10th Street","Chicago","IL","99999","USA",0.0000,0.0000,NULL,NULL,NULL,0,NULL,2),
  (43,14,1,11,"2006-03-24 00:00:00",NULL,3,"Peter Krschne","123 11th Street","Miami","FL","99999","USA",0.0000,0.0000,NULL,NULL,NULL,0,NULL,0),
  (44,15,1,1,"2006-03-24 00:00:00",NULL,NULL,"Anna Bedecs","123 1st Street","Seattle","WA","99999","USA",0.0000,0.0000,NULL,NULL,NULL,0,NULL,0),
  (45,16,1,28,"2006-04-07 00:00:00","2006-04-07 00:00:00",3,"Amritansh Raghav","789 28th Street","Memphis","TN","99999","USA",40.0000,0.0000,"Credit Card","2006-04-07 00:00:00",NULL,0,NULL,3),
  (46,17,7,9,"2006-04-05 00:00:00","2006-04-05 00:00:00",1,"Sven Mortensen","123 9th Street","Salt Lake City","UT","99999","USA",100.0000,0.0000,"Check","2006-04-05 00:00:00",NULL,0,NULL,3),
  (47,18,6,6,"2006-04-08 00:00:00","2006-04-08 00:00:00",2,"Francisco Pérez-Olaeta","123 6th Street","Milwaukee","WI","99999","USA",300.0000,0.0000,"Credit Card","2006-04-08 00:00:00",NULL,0,NULL,3),
  (48,19,4,8,"2006-04-05 00:00:00","2006-04-05 00:00:00",2,"Elizabeth Andersen","123 8th Street","Portland","OR","99999","USA",50.0000,0.0000,"Check","2006-04-05 00:00:00",NULL,0,NULL,3),
  (50,20,9,25,"2006-04-05 00:00:00","2006-04-05 00:00:00",1,"John Rodman","789 25th Street","Chicago","IL","99999","USA",5.0000,0.0000,"Cash","2006-04-05 00:00:00",NULL,0,NULL,3),
  (51,21,9,26,"2006-04-05 00:00:00","2006-04-05 00:00:00",3,"Run Liu","789 26th Street","Miami","FL","99999","USA",60.0000,0.0000,"Credit Card","2006-04-05 00:00:00",NULL,0,NULL,3),
  (55,22,1,29,"2006-04-05 00:00:00","2006-04-05 00:00:00",2,"Soo Jung Lee","789 29th Street","Denver","CO","99999","USA",200.0000,0.0000,"Check","2006-04-05 00:00:00",NULL,0,NULL,3),
  (56,23,2,6,"2006-04-03 00:00:00","2006-04-03 00:00:00",3,"Francisco Pérez-Olaeta","123 6th Street","Milwaukee","WI","99999","USA",0.0000,0.0000,"Check","2006-04-03 00:00:00",NULL,0,NULL,3),
  (57,24,9,27,"2006-04-22 00:00:00","2006-04-22 00:00:00",2,"Karen Toh","789 27th Street","Las Vegas","NV","99999","USA",200.0000,0.0000,"Check","2006-04-22 00:00:00",NULL,0,NULL,0),
  (58,25,3,4,"2006-04-22 00:00:00","2006-04-22 00:00:00",1,"Christina Lee","123 4th Street","New York","NY","99999","USA",5.0000,0.0000,"Credit Card","2006-04-22 00:00:00",NULL,0,NULL,3),
  (59,26,4,12,"2006-04-22 00:00:00","2006-04-22 00:00:00",2,"John Edwards","123 12th Street","Las Vegas","NV","99999","USA",5.0000,0.0000,"Credit Card","2006-04-22 00:00:00",NULL,0,NULL,0),
  (60,27,6,8,"2006-04-30 00:00:00","2006-04-30 00:00:00",3,"Elizabeth Andersen","123 8th Street","Portland","OR","99999","USA",50.0000,0.0000,"Credit Card","2006-04-30 00:00:00",NULL,0,NULL,3),
  (61,28,9,4,"2006-04-07 00:00:00","2006-04-07 00:00:00",3,"Christina Lee","123 4th Street","New York","NY","99999","USA",4.0000,0.0000,"Check","2006-04-07 00:00:00",NULL,0,NULL,0),
  (62,29,3,29,"2006-04-12 00:00:00","2006-04-12 00:00:00",2,"Soo Jung Lee","789 29th Street","Denver","CO","99999","USA",7.0000,0.0000,"Check","2006-04-12 00:00:00",NULL,0,NULL,0),
  (63,30,4,3,"2006-04-25 00:00:00","2006-04-25 00:00:00",2,"Thomas Axen","123 3rd Street","Los Angelas","CA","99999","USA",7.0000,0.0000,"Cash","2006-04-25 00:00:00",NULL,0,NULL,3),
  (64,31,8,6,"2006-05-09 00:00:00","2006-05-09 00:00:00",2,"Francisco Pérez-Olaeta","123 6th Street","Milwaukee","WI","99999","USA",12.0000,0.0000,"Credit Card","2006-05-09 00:00:00",NULL,0,NULL,0),
  (65,32,9,28,"2006-05-11 00:00:00","2006-05-11 00:00:00",3,"Amritansh Raghav","789 28th Street","Memphis","TN","99999","USA",10.0000,0.0000,"Check","2006-05-11 00:00:00",NULL,0,NULL,0),
  (66,33,3,8,"2006-05-24 00:00:00","2006-05-24 00:00:00",3,"Elizabeth Andersen","123 8th Street","Portland","OR","99999","USA",5.0000,0.0000,"Check","2006-05-24 00:00:00",NULL,0,NULL,0),
  (67,34,4,10,"2006-05-24 00:00:00","2006-05-24 00:00:00",2,"Roland Wacker","123 10th Street","Chicago","IL","99999","USA",9.0000,0.0000,"Credit Card","2006-05-24 00:00:00",NULL,0,NULL,3),
  (68,35,1,7,"2006-05-24 00:00:00",NULL,NULL,"Ming-Yang Xie","123 7th Street","Boise","ID","99999","USA",0.0000,0.0000,NULL,NULL,NULL,0,NULL,0),
  (69,36,1,10,"2006-05-24 00:00:00",NULL,1,"Roland Wacker","123 10th Street","Chicago","IL","99999","USA",0.0000,0.0000,NULL,NULL,NULL,0,NULL,0),
  (70,37,1,11,"2006-05-24 00:00:00",NULL,3,"Peter Krschne","123 11th Street","Miami","FL","99999","USA",0.0000,0.0000,NULL,NULL,NULL,0,NULL,0),
  (71,38,1,1,"2006-05-24 00:00:00",NULL,3,"Anna Bedecs","123 1st Street","Seattle","WA","99999","USA",0.0000,0.0000,NULL,NULL,NULL,0,NULL,0),
  (72,39,1,28,"2006-06-07 00:00:00","2006-06-07 00:00:00",3,"Amritansh Raghav","789 28th Street","Memphis","TN","99999","USA",40.0000,0.0000,"Credit Card","2006-06-07 00:00:00",NULL,0,NULL,3),
  (73,40,7,9,"2006-06-05 00:00:00","2006-06-05 00:00:00",1,"Sven Mortensen","123 9th Street","Salt Lake City","UT","99999","USA",100.0000,0.0000,"Check","2006-06-05 00:00:00",NULL,0,NULL,3),
  (74,41,6,6,"2006-06-08 00:00:00","2006-06-08 00:00:00",2,"Francisco Pérez-Olaeta","123 6th Street","Milwaukee","WI","99999","USA",300.0000,0.0000,"Credit Card","2006-06-08 00:00:00",NULL,0,NULL,3),
  (75,42,4,8,"2006-06-05 00:00:00","2006-06-05 00:00:00",2,"Elizabeth Andersen","123 8th Street","Portland","OR","99999","USA",50.0000,0.0000,"Check","2006-06-05 00:00:00",NULL,0,NULL,3),
  (76,43,9,25,"2006-06-05 00:00:00","2006-06-05 00:00:00",1,"John Rodman","789 25th Street","Chicago","IL","99999","USA",5.0000,0.0000,"Cash","2006-06-05 00:00:00",NULL,0,NULL,3),
  (77,44,9,26,"2006-06-05 00:00:00","2006-06-05 00:00:00",3,"Run Liu","789 26th Street","Miami","FL","99999","USA",60.0000,0.0000,"Credit Card","2006-06-05 00:00:00",NULL,0,NULL,3),
  (78,45,1,29,"2006-06-05 00:00:00","2006-06-05 00:00:00",2,"Soo Jung Lee","789 29th Street","Denver","CO","99999","USA",200.0000,0.0000,"Check","2006-06-05 00:00:00",NULL,0,NULL,3),
  (79,46,2,6,"2006-06-23 00:00:00","2006-06-23 00:00:00",3,"Francisco Pérez-Olaeta","123 6th Street","Milwaukee","WI","99999","USA",0.0000,0.0000,"Check","2006-06-23 00:00:00",NULL,0,NULL,3),
  (80,47,2,4,"2006-04-25 17:03:55",NULL,NULL,"Christina Lee","123 4th Street","New York","NY","99999","USA",0.0000,0.0000,NULL,NULL,NULL,0,NULL,0),
  (81,48,2,3,"2006-04-25 17:26:53",NULL,NULL,"Thomas Axen","123 3rd Street","Los Angelas","CA","99999","USA",0.0000,0.0000,NULL,NULL,NULL,0,NULL,0);

-- INSERT INTO 15 ...
INSERT INTO `Orders Status` (`Status ID`, `Status Name`) VALUES
  (0,"New"),
  (1,"Invoiced"),
  (2,"Shipped"),
  (3,"Closed");

-- INSERT INTO 16 ...
INSERT INTO `Orders Tax Status` (`ID`, `Tax Status Name`) VALUES
  (0,"Tax Exempt"),
  (1,"Taxable");

-- INSERT INTO 17 ...
INSERT INTO `Products` (`Supplier IDs`, `ID`, `Product Code`, `Product Name`, `Description`, `Standard Cost`, `List Price`, `Reorder Level`, `Target Level`, `Quantity Per Unit`, `Discontinued`, `Minimum Reorder Quantity`, `Category`, `Attachments`) VALUES
  (1,1,"NWTB-1","Northwind Traders Chai",NULL,13.5000,18.0000,10,40,"10 boxes x 20 bags",0,10,"Beverages",1),
  (2,3,"NWTCO-3","Northwind Traders Syrup",NULL,7.5000,10.0000,25,100,"12 - 550 ml bottles",0,25,"Condiments",2),
  (3,4,"NWTCO-4","Northwind Traders Cajun Seasoning",NULL,16.5000,22.0000,10,40,"48 - 6 oz jars",0,10,"Condiments",3),
  (4,5,"NWTO-5","Northwind Traders Olive Oil",NULL,16.0125,21.3500,10,40,"36 boxes",0,10,"Oil",4),
  (5,6,"NWTJP-6","Northwind Traders Boysenberry Spread",NULL,18.7500,25.0000,25,100,"12 - 8 oz jars",0,25,"Jams, Preserves",5),
  (6,7,"NWTDFN-7","Northwind Traders Dried Pears",NULL,22.5000,30.0000,10,40,"12 - 1 lb pkgs.",0,10,"Dried Fruit & Nuts",6),
  (7,8,"NWTS-8","Northwind Traders Curry Sauce",NULL,30.0000,40.0000,10,40,"12 - 12 oz jars",0,10,"Sauces",7),
  (8,14,"NWTDFN-14","Northwind Traders Walnuts",NULL,17.4375,23.2500,10,40,"40 - 100 g pkgs.",0,10,"Dried Fruit & Nuts",8),
  (9,17,"NWTCFV-17","Northwind Traders Fruit Cocktail",NULL,29.2500,39.0000,10,40,"15.25 OZ",0,10,"Canned Fruit & Vegetables",9),
  (10,19,"NWTBGM-19","Northwind Traders Chocolate Biscuits Mix",NULL,6.9000,9.2000,5,20,"10 boxes x 12 pieces",0,5,"Baked Goods & Mixes",10),
  (11,20,"NWTJP-6","Northwind Traders Marmalade",NULL,60.7500,81.0000,10,40,"30 gift boxes",0,10,"Jams, Preserves",11),
  (12,21,"NWTBGM-21","Northwind Traders Scones",NULL,7.5000,10.0000,5,20,"24 pkgs. x 4 pieces",0,5,"Baked Goods & Mixes",12),
  (13,34,"NWTB-34","Northwind Traders Beer",NULL,10.5000,14.0000,15,60,"24 - 12 oz bottles",0,15,"Beverages",13),
  (14,40,"NWTCM-40","Northwind Traders Crab Meat",NULL,13.8000,18.4000,30,120,"24 - 4 oz tins",0,30,"Canned Meat",14),
  (15,41,"NWTSO-41","Northwind Traders Clam Chowder",NULL,7.2375,9.6500,10,40,"12 - 12 oz cans",0,10,"Soups",15),
  (16,43,"NWTB-43","Northwind Traders Coffee",NULL,34.5000,46.0000,25,100,"16 - 500 g tins",0,25,"Beverages",16),
  (17,48,"NWTCA-48","Northwind Traders Chocolate",NULL,9.5625,12.7500,25,100,"10 pkgs",0,25,"Candy",17),
  (18,51,"NWTDFN-51","Northwind Traders Dried Apples",NULL,39.7500,53.0000,10,40,"50 - 300 g pkgs.",0,10,"Dried Fruit & Nuts",18),
  (19,52,"NWTG-52","Northwind Traders Long Grain Rice",NULL,5.2500,7.0000,25,100,"16 - 2 kg boxes",0,25,"Grains",19),
  (20,56,"NWTP-56","Northwind Traders Gnocchi",NULL,28.5000,38.0000,30,120,"24 - 250 g pkgs.",0,30,"Pasta",20),
  (21,57,"NWTP-57","Northwind Traders Ravioli",NULL,14.6250,19.5000,20,80,"24 - 250 g pkgs.",0,20,"Pasta",21),
  (22,65,"NWTS-65","Northwind Traders Hot Pepper Sauce",NULL,15.7875,21.0500,10,40,"32 - 8 oz bottles",0,10,"Sauces",22),
  (23,66,"NWTS-66","Northwind Traders Tomato Sauce",NULL,12.7500,17.0000,20,80,"24 - 8 oz jars",0,20,"Sauces",23),
  (24,72,"NWTD-72","Northwind Traders Mozzarella",NULL,26.1000,34.8000,10,40,"24 - 200 g pkgs.",0,10,"Dairy Products",24),
  (25,74,"NWTDFN-74","Northwind Traders Almonds",NULL,7.5000,10.0000,5,20,"5 kg pkg.",0,5,"Dried Fruit & Nuts",25),
  (26,77,"NWTCO-77","Northwind Traders Mustard",NULL,9.7500,13.0000,15,60,"12 boxes",0,15,"Condiments",26),
  (27,80,"NWTDFN-80","Northwind Traders Dried Plums",NULL,3.0000,3.5000,50,75,"1 lb bag",0,25,"Dried Fruit & Nuts",27),
  (28,81,"NWTB-81","Northwind Traders Green Tea",NULL,2.0000,2.9900,100,125,"20 bags per box",0,25,"Beverages",28),
  (29,82,"NWTC-82","Northwind Traders Granola",NULL,2.0000,4.0000,20,100,NULL,0,NULL,"Cereal",29),
  (30,83,"NWTCS-83","Northwind Traders Potato Chips",NULL,0.5000,1.8000,30,200,NULL,0,NULL,"Chips, Snacks",30),
  (31,85,"NWTBGM-85","Northwind Traders Brownie Mix",NULL,9.0000,12.4900,10,20,"3 boxes",0,5,"Baked Goods & Mixes",31),
  (32,86,"NWTBGM-86","Northwind Traders Cake Mix",NULL,10.5000,15.9900,10,20,"4 boxes",0,5,"Baked Goods & Mixes",32),
  (33,87,"NWTB-87","Northwind Traders Tea",NULL,2.0000,4.0000,20,50,"100 count per box",0,NULL,"Beverages",33),
  (34,88,"NWTCFV-88","Northwind Traders Pears",NULL,1.0000,1.3000,10,40,"15.25 OZ",0,NULL,"Canned Fruit & Vegetables",34),
  (35,89,"NWTCFV-89","Northwind Traders Peaches",NULL,1.0000,1.5000,10,40,"15.25 OZ",0,NULL,"Canned Fruit & Vegetables",35),
  (36,90,"NWTCFV-90","Northwind Traders Pineapple",NULL,1.0000,1.8000,10,40,"15.25 OZ",0,NULL,"Canned Fruit & Vegetables",36),
  (37,91,"NWTCFV-91","Northwind Traders Cherry Pie Filling",NULL,1.0000,2.0000,10,40,"15.25 OZ",0,NULL,"Canned Fruit & Vegetables",37),
  (38,92,"NWTCFV-92","Northwind Traders Green Beans",NULL,1.0000,1.2000,10,40,"14.5 OZ",0,NULL,"Canned Fruit & Vegetables",38),
  (39,93,"NWTCFV-93","Northwind Traders Corn",NULL,1.0000,1.2000,10,40,"14.5 OZ",0,NULL,"Canned Fruit & Vegetables",39),
  (40,94,"NWTCFV-94","Northwind Traders Peas",NULL,1.0000,1.5000,10,40,"14.5 OZ",0,NULL,"Canned Fruit & Vegetables",40),
  (41,95,"NWTCM-95","Northwind Traders Tuna Fish",NULL,0.5000,2.0000,30,50,"5 oz",0,NULL,"Canned Meat",41),
  (42,96,"NWTCM-96","Northwind Traders Smoked Salmon",NULL,2.0000,4.0000,30,50,"5 oz",0,NULL,"Canned Meat",42),
  (43,97,"NWTC-82","Northwind Traders Hot Cereal",NULL,3.0000,5.0000,50,200,NULL,0,NULL,"Cereal",43),
  (44,98,"NWTSO-98","Northwind Traders Vegetable Soup",NULL,1.0000,1.8900,100,200,NULL,0,NULL,"Soups",44),
  (45,99,"NWTSO-99","Northwind Traders Chicken Soup",NULL,1.0000,1.9500,100,200,NULL,0,NULL,"Soups",45);

-- INSERT INTO 18 ...
INSERT INTO `Purchase Order Details` (`ID`, `Purchase Order ID`, `Product ID`, `Quantity`, `Unit Cost`, `Date Received`, `Posted To Inventory`, `Inventory ID`) VALUES
  (238,90,1,40.0000,14.0000,"2006-01-22 00:00:00",1,59),
  (239,91,3,100.0000,8.0000,"2006-01-22 00:00:00",1,54),
  (240,91,4,40.0000,16.0000,"2006-01-22 00:00:00",1,55),
  (241,91,5,40.0000,16.0000,"2006-01-22 00:00:00",1,56),
  (242,92,6,100.0000,19.0000,"2006-01-22 00:00:00",1,40),
  (243,92,7,40.0000,22.0000,"2006-01-22 00:00:00",1,41),
  (244,92,8,40.0000,30.0000,"2006-01-22 00:00:00",1,42),
  (245,92,14,40.0000,17.0000,"2006-01-22 00:00:00",1,43),
  (246,92,17,40.0000,29.0000,"2006-01-22 00:00:00",1,44),
  (247,92,19,20.0000,7.0000,"2006-01-22 00:00:00",1,45),
  (248,92,20,40.0000,61.0000,"2006-01-22 00:00:00",1,46),
  (249,92,21,20.0000,8.0000,"2006-01-22 00:00:00",1,47),
  (250,90,34,60.0000,10.0000,"2006-01-22 00:00:00",1,60),
  (251,92,40,120.0000,14.0000,"2006-01-22 00:00:00",1,48),
  (252,92,41,40.0000,7.0000,"2006-01-22 00:00:00",1,49),
  (253,90,43,100.0000,34.0000,"2006-01-22 00:00:00",1,61),
  (254,92,48,100.0000,10.0000,"2006-01-22 00:00:00",1,50),
  (255,92,51,40.0000,40.0000,"2006-01-22 00:00:00",1,51),
  (256,93,52,100.0000,5.0000,"2006-01-22 00:00:00",1,37),
  (257,93,56,120.0000,28.0000,"2006-01-22 00:00:00",1,38),
  (258,93,57,80.0000,15.0000,"2006-01-22 00:00:00",1,39),
  (259,91,65,40.0000,16.0000,"2006-01-22 00:00:00",1,57),
  (260,91,66,80.0000,13.0000,"2006-01-22 00:00:00",1,58),
  (261,94,72,40.0000,26.0000,"2006-01-22 00:00:00",1,36),
  (262,92,74,20.0000,8.0000,"2006-01-22 00:00:00",1,52),
  (263,92,77,60.0000,10.0000,"2006-01-22 00:00:00",1,53),
  (264,95,80,75.0000,3.0000,"2006-01-22 00:00:00",1,35),
  (265,90,81,125.0000,2.0000,"2006-01-22 00:00:00",1,62),
  (266,96,34,100.0000,10.0000,"2006-01-22 00:00:00",1,82),
  (267,97,19,30.0000,7.0000,"2006-01-22 00:00:00",1,80),
  (268,98,41,200.0000,7.0000,"2006-01-22 00:00:00",1,78),
  (269,99,43,300.0000,34.0000,"2006-01-22 00:00:00",1,76),
  (270,100,48,100.0000,10.0000,"2006-01-22 00:00:00",1,74),
  (271,101,81,200.0000,2.0000,"2006-01-22 00:00:00",1,72),
  (272,102,43,300.0000,34.0000,NULL,0,NULL),
  (273,103,19,10.0000,7.0000,"2006-04-17 00:00:00",1,111),
  (274,104,41,50.0000,7.0000,"2006-04-06 00:00:00",1,115),
  (275,105,57,100.0000,15.0000,"2006-04-05 00:00:00",1,100),
  (276,106,72,50.0000,26.0000,"2006-04-05 00:00:00",1,113),
  (277,107,34,300.0000,10.0000,"2006-04-05 00:00:00",1,107),
  (278,108,8,25.0000,30.0000,"2006-04-05 00:00:00",1,105),
  (279,109,19,25.0000,7.0000,"2006-04-05 00:00:00",1,109),
  (280,110,43,250.0000,34.0000,"2006-04-10 00:00:00",1,103),
  (281,90,1,40.0000,14.0000,NULL,0,NULL),
  (282,92,19,20.0000,7.0000,NULL,0,NULL),
  (283,111,34,50.0000,10.0000,"2006-04-04 00:00:00",1,102),
  (285,91,3,50.0000,8.0000,NULL,0,NULL),
  (286,91,4,40.0000,16.0000,NULL,0,NULL),
  (288,140,85,10.0000,9.0000,NULL,0,NULL),
  (289,141,6,10.0000,18.7500,NULL,0,NULL),
  (290,142,1,1.0000,13.5000,NULL,0,NULL),
  (292,146,20,40.0000,60.0000,NULL,0,NULL),
  (293,146,51,40.0000,39.0000,NULL,0,NULL),
  (294,147,40,120.0000,13.0000,NULL,0,NULL),
  (295,148,72,40.0000,26.0000,NULL,0,NULL);

-- INSERT INTO 19 ...
INSERT INTO `Purchase Order Status` (`Status ID`, `Status`) VALUES
  (0,"New"),
  (1,"Submitted"),
  (2,"Approved"),
  (3,"Closed");

-- INSERT INTO 20 ...
INSERT INTO `Purchase Orders` (`Purchase Order ID`, `Supplier ID`, `Created By`, `Submitted Date`, `Creation Date`, `Status ID`, `Expected Date`, `Shipping Fee`, `Taxes`, `Payment Date`, `Payment Amount`, `Payment Method`, `Notes`, `Approved By`, `Approved Date`, `Submitted By`) VALUES
  (90,1,2,"2006-01-14 00:00:00","2006-01-22 00:00:00",2,NULL,0.0000,0.0000,NULL,0.0000,NULL,NULL,2,"2006-01-22 00:00:00",2),
  (91,3,2,"2006-01-14 00:00:00","2006-01-22 00:00:00",2,NULL,0.0000,0.0000,NULL,0.0000,NULL,NULL,2,"2006-01-22 00:00:00",2),
  (92,2,2,"2006-01-14 00:00:00","2006-01-22 00:00:00",2,NULL,0.0000,0.0000,NULL,0.0000,NULL,NULL,2,"2006-01-22 00:00:00",2),
  (93,5,2,"2006-01-14 00:00:00","2006-01-22 00:00:00",2,NULL,0.0000,0.0000,NULL,0.0000,NULL,NULL,2,"2006-01-22 00:00:00",2),
  (94,6,2,"2006-01-14 00:00:00","2006-01-22 00:00:00",2,NULL,0.0000,0.0000,NULL,0.0000,NULL,NULL,2,"2006-01-22 00:00:00",2),
  (95,4,2,"2006-01-14 00:00:00","2006-01-22 00:00:00",2,NULL,0.0000,0.0000,NULL,0.0000,NULL,NULL,2,"2006-01-22 00:00:00",2),
  (96,1,5,"2006-01-14 00:00:00","2006-01-22 00:00:00",2,NULL,0.0000,0.0000,NULL,0.0000,NULL,"Purchase generated based on Order #30",2,"2006-01-22 00:00:00",5),
  (97,2,7,"2006-01-14 00:00:00","2006-01-22 00:00:00",2,NULL,0.0000,0.0000,NULL,0.0000,NULL,"Purchase generated based on Order #33",2,"2006-01-22 00:00:00",7),
  (98,2,4,"2006-01-14 00:00:00","2006-01-22 00:00:00",2,NULL,0.0000,0.0000,NULL,0.0000,NULL,"Purchase generated based on Order #36",2,"2006-01-22 00:00:00",4),
  (99,1,3,"2006-01-14 00:00:00","2006-01-22 00:00:00",2,NULL,0.0000,0.0000,NULL,0.0000,NULL,"Purchase generated based on Order #38",2,"2006-01-22 00:00:00",3),
  (100,2,9,"2006-01-14 00:00:00","2006-01-22 00:00:00",2,NULL,0.0000,0.0000,NULL,0.0000,NULL,"Purchase generated based on Order #39",2,"2006-01-22 00:00:00",9),
  (101,1,2,"2006-01-14 00:00:00","2006-01-22 00:00:00",2,NULL,0.0000,0.0000,NULL,0.0000,NULL,"Purchase generated based on Order #40",2,"2006-01-22 00:00:00",2),
  (102,1,1,"2006-03-24 00:00:00","2006-03-24 00:00:00",2,NULL,0.0000,0.0000,NULL,0.0000,NULL,"Purchase generated based on Order #41",2,"2006-04-04 00:00:00",1),
  (103,2,1,"2006-03-24 00:00:00","2006-03-24 00:00:00",2,NULL,0.0000,0.0000,NULL,0.0000,NULL,"Purchase generated based on Order #42",2,"2006-04-04 00:00:00",1),
  (104,2,1,"2006-03-24 00:00:00","2006-03-24 00:00:00",2,NULL,0.0000,0.0000,NULL,0.0000,NULL,"Purchase generated based on Order #45",2,"2006-04-04 00:00:00",1),
  (105,5,7,"2006-03-24 00:00:00","2006-03-24 00:00:00",2,NULL,0.0000,0.0000,NULL,0.0000,"Check","Purchase generated based on Order #46",2,"2006-04-04 00:00:00",7),
  (106,6,7,"2006-03-24 00:00:00","2006-03-24 00:00:00",2,NULL,0.0000,0.0000,NULL,0.0000,NULL,"Purchase generated based on Order #46",2,"2006-04-04 00:00:00",7),
  (107,1,6,"2006-03-24 00:00:00","2006-03-24 00:00:00",2,NULL,0.0000,0.0000,NULL,0.0000,NULL,"Purchase generated based on Order #47",2,"2006-04-04 00:00:00",6),
  (108,2,4,"2006-03-24 00:00:00","2006-03-24 00:00:00",2,NULL,0.0000,0.0000,NULL,0.0000,NULL,"Purchase generated based on Order #48",2,"2006-04-04 00:00:00",4),
  (109,2,4,"2006-03-24 00:00:00","2006-03-24 00:00:00",2,NULL,0.0000,0.0000,NULL,0.0000,NULL,"Purchase generated based on Order #48",2,"2006-04-04 00:00:00",4),
  (110,1,3,"2006-03-24 00:00:00","2006-03-24 00:00:00",2,NULL,0.0000,0.0000,NULL,0.0000,NULL,"Purchase generated based on Order #49",2,"2006-04-04 00:00:00",3),
  (111,1,2,"2006-03-31 00:00:00","2006-03-31 00:00:00",2,NULL,0.0000,0.0000,NULL,0.0000,NULL,"Purchase generated based on Order #56",2,"2006-04-04 00:00:00",2),
  (140,6,NULL,"2006-04-25 00:00:00","2006-04-25 16:40:51",2,NULL,0.0000,0.0000,NULL,0.0000,NULL,NULL,2,"2006-04-25 16:41:33",2),
  (141,8,NULL,"2006-04-25 00:00:00","2006-04-25 17:10:35",2,NULL,0.0000,0.0000,NULL,0.0000,NULL,NULL,2,"2006-04-25 17:10:55",2),
  (142,8,NULL,"2006-04-25 00:00:00","2006-04-25 17:18:29",2,NULL,0.0000,0.0000,NULL,0.0000,"Check",NULL,2,"2006-04-25 17:18:51",2),
  (146,2,2,"2006-04-26 18:26:37","2006-04-26 18:26:37",1,NULL,0.0000,0.0000,NULL,0.0000,NULL,NULL,NULL,NULL,2),
  (147,7,2,"2006-04-26 18:33:28","2006-04-26 18:33:28",1,NULL,0.0000,0.0000,NULL,0.0000,NULL,NULL,NULL,NULL,2),
  (148,5,2,"2006-04-26 18:33:52","2006-04-26 18:33:52",1,NULL,0.0000,0.0000,NULL,0.0000,NULL,NULL,NULL,NULL,2);

-- INSERT INTO 21 ...
INSERT INTO `Sales Reports` (`Group By`, `Display`, `Title`, `Filter Row Source`, `Default`) VALUES
  ("Category","Category","Sales By Category","SELECT DISTINCT [Category] FROM [Products] ORDER BY [Category];",0),
  ("Country/Region","Country/Region","Sales By Country","SELECT DISTINCT [Country/Region] FROM [Customers Extended] ORDER BY [Country/Region];",0),
  ("Customer ID","Customer","Sales By Customer","SELECT DISTINCT [Company] FROM [Customers Extended] ORDER BY [Company];",0),
  ("Employee ID","Employee","Sales By Employee","SELECT DISTINCT [Employee Name] FROM [Employees Extended] ORDER BY [Employee Name];",0),
  ("Product ID","Product","Sales by Product","SELECT DISTINCT [Product Name] FROM [Products] ORDER BY [Product Name];",1);

-- INSERT INTO 22 ...
INSERT INTO `Shippers` (`ID`, `Company`, `Last Name`, `First Name`, `E-mail Address`, `Job Title`, `Business Phone`, `Home Phone`, `Mobile Phone`, `Fax Number`, `Address`, `City`, `State/Province`, `ZIP/Postal Code`, `Country/Region`, `Web Page`, `Notes`, `Attachments`) VALUES
  (1,"Shipping Company A",NULL,NULL,NULL,NULL,NULL,NULL,NULL,NULL,"123 Any Street","Memphis","TN","99999","USA",NULL,NULL,1),
  (2,"Shipping Company B",NULL,NULL,NULL,NULL,NULL,NULL,NULL,NULL,"123 Any Street","Memphis","TN","99999","USA",NULL,NULL,2),
  (3,"Shipping Company C",NULL,NULL,NULL,NULL,NULL,NULL,NULL,NULL,"123 Any Street","Memphis","TN","99999","USA",NULL,NULL,3);

-- INSERT INTO 23 ...
INSERT INTO `Strings` (`String ID`, `String Data`) VALUES
  (2,"Northwind Traders"),
  (3,"Cannot remove posted inventory!"),
  (4,"Back ordered product filled for Order #|"),
  (5,"Discounted price below cost!"),
  (6,"Insufficient inventory."),
  (7,"Insufficient inventory. Do you want to create a purchase order?"),
  (8,"Purchase orders were successfully created for | products"),
  (9,"There are no products below their respective reorder levels"),
  (10,"Must specify customer name!"),
  (11,"Restocking will generate purchase orders for all products below desired inventory levels.  Do you want to continue?"),
  (12,"Cannot create purchase order.  No suppliers listed for specified product"),
  (13,"Discounted price is below cost!"),
  (14,"Do you want to continue?"),
  (15,"Order is already invoiced. Do you want to print the invoice?"),
  (16,"Order does not contain any line items"),
  (17,"Cannot create invoice!  Inventory has not been allocated for each specified product."),
  (18,"Sorry, there are no sales in the specified time period"),
  (19,"Product successfully restocked."),
  (21,"Product does not need restocking! Product is already at desired inventory level."),
  (22,"Product restocking failed!"),
  (23,"Invalid login specified!"),
  (24,"Must first select reported!"),
  (25,"Changing supplier will remove purchase line items, continue?"),
  (26,"Purchase orders were successfully submitted for | products.  Do you want to view the restocking report?"),
  (27,"There was an error attempting to restock inventory levels."),
  (28,"| product(s) were successfully restocked.  Do you want to view the restocking report?"),
  (29,"You cannot remove purchase line items already posted to inventory!"),
  (30,"There was an error removing one or more purchase line items."),
  (31,"You cannot modify quantity for purchased product already received or posted to inventory."),
  (32,"You cannot modify price for purchased product already received or posted to inventory."),
  (33,"Product has been successfully posted to inventory."),
  (34,"Sorry, product cannot be successfully posted to inventory."),
  (35,"There are orders with this product on back order.  Would you like to fill them now?"),
  (36,"Cannot post product to inventory without specifying received date!"),
  (37,"Do you want to post received product to inventory?"),
  (38,"Initialize purchase, orders, and inventory data?"),
  (39,"Must first specify employee name!"),
  (40,"Specified user must be logged in to approve purchase!"),
  (41,"Purchase order must contain completed line items before it can be approved"),
  (42,"Sorry, you do not have permission to approve purchases."),
  (43,"Purchase successfully approved"),
  (44,"Purchase cannot be approved"),
  (45,"Purchase successfully submitted for approval"),
  (46,"Purchase cannot be submitted for approval"),
  (47,"Sorry, purchase order does not contain line items"),
  (48,"Do you want to cancel this order?"),
  (49,"Canceling an order will permanently delete the order.  Are you sure you want to cancel?"),
  (100,"Your order was successfully canceled."),
  (101,"Cannot cancel an order that has items received and posted to inventory."),
  (102,"There was an error trying to cancel this order."),
  (103,"The invoice for this order has not yet been created."),
  (104,"Shipping information is not complete.  Please specify all shipping information and try again."),
  (105,"Cannot mark as shipped.  Order must first be invoiced!"),
  (106,"Cannot cancel an order that has already shipped!"),
  (107,"Must first specify salesperson!"),
  (108,"Order is now marked closed."),
  (109,"Order must first be marked shipped before closing."),
  (110,"Must first specify payment information!"),
  (111,"There was an error attempting to restock inventory levels.  | product(s) were successfully restocked."),
  (112,"You must supply a Unit Cost."),
  (113,"Fill back ordered product, Order #|"),
  (114,"Purchase generated based on Order #|");

-- INSERT INTO 24 ...
INSERT INTO `Suppliers` (`ID`, `Company`, `Last Name`, `First Name`, `E-mail Address`, `Job Title`, `Business Phone`, `Home Phone`, `Mobile Phone`, `Fax Number`, `Address`, `City`, `State/Province`, `ZIP/Postal Code`, `Country/Region`, `Web Page`, `Notes`, `Attachments`) VALUES
  (1,"Supplier A","Andersen","Elizabeth A.",NULL,"Sales Manager",NULL,NULL,NULL,NULL,NULL,NULL,NULL,NULL,NULL,NULL,NULL,1),
  (2,"Supplier B","Weiler","Cornelia",NULL,"Sales Manager",NULL,NULL,NULL,NULL,NULL,NULL,NULL,NULL,NULL,NULL,NULL,2),
  (3,"Supplier C","Kelley","Madeleine",NULL,"Sales Representative",NULL,NULL,NULL,NULL,NULL,NULL,NULL,NULL,NULL,NULL,NULL,3),
  (4,"Supplier D","Sato","Naoki",NULL,"Marketing Manager",NULL,NULL,NULL,NULL,NULL,NULL,NULL,NULL,NULL,NULL,NULL,4),
  (5,"Supplier E","Hernandez-Echevarria","Amaya",NULL,"Sales Manager",NULL,NULL,NULL,NULL,NULL,NULL,NULL,NULL,NULL,NULL,NULL,5),
  (6,"Supplier F","Hayakawa","Satomi",NULL,"Marketing Assistant",NULL,NULL,NULL,NULL,NULL,NULL,NULL,NULL,NULL,NULL,NULL,6),
  (7,"Supplier G","Glasson","Stuart",NULL,"Marketing Manager",NULL,NULL,NULL,NULL,NULL,NULL,NULL,NULL,NULL,NULL,NULL,7),
  (8,"Supplier H","Dunton","Bryn Paul",NULL,"Sales Representative",NULL,NULL,NULL,NULL,NULL,NULL,NULL,NULL,NULL,NULL,NULL,8),
  (9,"Supplier I","Sandberg","Mikael",NULL,"Sales Manager",NULL,NULL,NULL,NULL,NULL,NULL,NULL,NULL,NULL,NULL,NULL,9),
  (10,"Supplier J","Sousa","Luis",NULL,"Sales Manager",NULL,NULL,NULL,NULL,NULL,NULL,NULL,NULL,NULL,NULL,NULL,10);

-- INSERT INTO 25 ...
INSERT INTO `Privileges` (`Privilege ID`, `Privilege Name`) VALUES
  (2,"Purchase Approvals");

-- INSERT INTO 26 ...
INSERT INTO `Zahlungen` (`Zahlung-ID`, `Datum`, `MitgliedNr`, `Beitragsjahr`, `Betrag`) VALUES
  (2,"2017-11-02 00:00:00",14,2017,300.0000),
  (4,"2017-11-03 00:00:00",47,2017,200.0000),
  (6,"2017-11-04 00:00:00",12,2017,300.0000),
  (7,"2017-11-04 00:00:00",49,2017,200.0000),
  (8,"2017-11-04 00:00:00",24,2017,200.0000),
  (9,"2017-11-04 00:00:00",39,2017,200.0000),
  (11,"2017-11-06 00:00:00",59,2017,200.0000),
  (13,"2017-11-08 00:00:00",41,2017,300.0000),
  (14,"2017-11-10 00:00:00",30,2017,200.0000),
  (17,"2017-11-15 00:00:00",45,2017,200.0000),
  (19,"2017-11-15 00:00:00",46,2017,300.0000),
  (20,"2017-11-16 00:00:00",13,2017,200.0000),
  (22,"2017-11-18 00:00:00",28,2017,300.0000),
  (23,"2017-11-18 00:00:00",44,2017,300.0000),
  (24,"2017-11-18 00:00:00",21,2017,300.0000),
  (26,"2017-11-19 00:00:00",32,2017,300.0000),
  (27,"2017-11-22 00:00:00",56,2017,300.0000),
  (28,"2017-11-23 00:00:00",6,2017,200.0000),
  (29,"2017-11-23 00:00:00",38,2017,300.0000),
  (30,"2017-11-25 00:00:00",42,2017,200.0000),
  (32,"2017-11-25 00:00:00",20,2017,300.0000),
  (33,"2017-11-26 00:00:00",48,2017,300.0000),
  (35,"2017-11-27 00:00:00",11,2017,200.0000),
  (36,"2017-11-28 00:00:00",10,2017,200.0000),
  (37,"2017-11-28 00:00:00",26,2017,200.0000),
  (38,"2017-11-29 00:00:00",57,2017,200.0000),
  (39,"2017-12-01 00:00:00",7,2017,300.0000),
  (40,"2017-12-02 00:00:00",2,2017,300.0000),
  (42,"2017-12-03 00:00:00",5,2017,300.0000),
  (43,"2017-12-03 00:00:00",29,2017,300.0000),
  (45,"2017-12-04 00:00:00",54,2017,200.0000),
  (47,"2017-12-04 00:00:00",27,2017,300.0000),
  (48,"2017-12-05 00:00:00",52,2017,300.0000),
  (49,"2017-12-06 00:00:00",34,2017,200.0000),
  (51,"2017-12-07 00:00:00",36,2017,200.0000),
  (53,"2017-12-08 00:00:00",23,2017,200.0000),
  (54,"2017-12-09 00:00:00",55,2017,200.0000),
  (57,"2017-12-12 00:00:00",18,2017,300.0000),
  (59,"2017-12-12 00:00:00",9,2017,300.0000),
  (61,"2017-12-13 00:00:00",43,2017,300.0000),
  (64,"2017-12-14 00:00:00",60,2017,300.0000),
  (65,"2017-12-15 00:00:00",3,2017,200.0000),
  (66,"2017-12-15 00:00:00",22,2017,200.0000),
  (67,"2017-12-16 00:00:00",35,2017,300.0000),
  (68,"2017-12-16 00:00:00",40,2017,300.0000),
  (69,"2017-12-17 00:00:00",1,2017,300.0000),
  (70,"2017-12-19 00:00:00",53,2017,300.0000),
  (71,"2017-12-20 00:00:00",8,2017,300.0000),
  (72,"2017-12-21 00:00:00",33,2017,200.0000),
  (73,"2017-12-23 00:00:00",15,2017,200.0000),
  (74,"2017-12-23 00:00:00",50,2017,300.0000),
  (75,"2017-12-24 00:00:00",51,2017,200.0000),
  (77,"2017-12-26 00:00:00",25,2017,300.0000),
  (79,"2017-12-26 00:00:00",16,2017,300.0000),
  (80,"2017-12-27 00:00:00",19,2017,200.0000),
  (81,"2019-10-02 00:00:00",8,2019,300.0000),
  (83,"2019-10-05 00:00:00",39,2019,200.0000),
  (84,"2019-10-07 00:00:00",51,2019,200.0000),
  (86,"2019-10-11 00:00:00",34,2019,200.0000),
  (87,"2019-10-12 00:00:00",56,2019,300.0000),
  (89,"2019-10-14 00:00:00",5,2019,300.0000),
  (90,"2019-10-14 00:00:00",57,2019,300.0000),
  (91,"2019-10-14 00:00:00",36,2019,200.0000),
  (93,"2019-10-19 00:00:00",60,2019,300.0000),
  (94,"2019-10-22 00:00:00",19,2019,200.0000),
  (95,"2019-10-23 00:00:00",54,2019,300.0000),
  (96,"2019-10-24 00:00:00",43,2019,300.0000),
  (98,"2019-10-26 00:00:00",45,2019,200.0000),
  (99,"2019-10-26 00:00:00",40,2019,300.0000),
  (100,"2019-10-27 00:00:00",48,2019,300.0000),
  (103,"2019-11-02 00:00:00",14,2019,300.0000),
  (106,"2019-11-10 00:00:00",52,2019,300.0000),
  (107,"2019-11-10 00:00:00",1,2019,300.0000),
  (108,"2019-11-11 00:00:00",3,2019,200.0000),
  (109,"2019-11-18 00:00:00",46,2019,300.0000),
  (110,"2019-11-20 00:00:00",10,2019,200.0000),
  (112,"2019-11-21 00:00:00",53,2019,300.0000),
  (113,"2019-11-22 00:00:00",6,2019,200.0000),
  (114,"2019-11-22 00:00:00",38,2019,300.0000),
  (115,"2019-11-23 00:00:00",7,2019,300.0000),
  (116,"2019-11-27 00:00:00",41,2019,300.0000),
  (118,"2019-12-02 00:00:00",42,2019,200.0000),
  (120,"2019-12-05 00:00:00",32,2019,300.0000),
  (121,"2019-12-07 00:00:00",35,2019,300.0000),
  (122,"2019-12-07 00:00:00",16,2019,300.0000),
  (123,"2019-12-08 00:00:00",55,2019,300.0000),
  (125,"2019-12-11 00:00:00",33,2019,200.0000),
  (127,"2019-12-16 00:00:00",22,2019,200.0000),
  (129,"2019-12-18 00:00:00",27,2019,300.0000),
  (130,"2019-12-19 00:00:00",47,2019,200.0000),
  (132,"2019-12-24 00:00:00",49,2019,200.0000);

-- INSERT INTO 27 ...
INSERT INTO `Mitglieder` (`MitgliedNr`, `Nachname`, `Vorname`, `Straße`, `PLZ`, `Ort`, `Beitrittsdatum`, `Kategorie-Nr`) VALUES
  (52,"Fischer","Fritz","Bachstraße 12","6020","Innsbruck","2019-04-11 00:00:00",1),
  (53,"Schönberger","Susi","Teichstraße 23","5440","Golling","2019-04-13 00:00:00",1),
  (54,"Webmaster","Susi","Bergstraße 3","5440","Golling","2019-04-27 00:00:00",2),
  (55,"Hofer","Marianne","Holzweg 99","5440","Golling","2019-05-26 00:00:00",2),
  (56,"Karter","Susi","Landstraße 4","5440","Golling","2019-05-30 00:00:00",1),
  (57,"Holzner","Matthias","Tannenweg 9","5440","Golling","2019-06-05 00:00:00",2),
  (58,"Webmaster","Barbara","Waldweg 1","1040","Graz","2019-06-08 00:00:00",1),
  (59,"Grobhofer","Susanne","Schulstraße 211","4020","Linz","2019-06-10 00:00:00",2),
  (60,"Weiss","Walter","Rabensteinstraße 1","5440","Golling","2019-06-19 00:00:00",1),
  (89,"Maier","Kunibert","Hirschengasse19","1010","Wien","2020-11-28 00:00:00",1),
  (90,"Vordermaier","Max","Hirschengasse 27","1010","Wien","2020-11-29 00:00:00",1),
  (1,"Müller","Martin","Maiweg 7","5440","Golling","2017-02-20 00:00:00",2),
  (2,"Huber","Hubert","Bergstraße 3","6020","Innbruck","2017-03-04 00:00:00",1),
  (3,"Sommer","Sandra","Sonnenblumenstraße 7","5440","Golling","2017-03-05 00:00:00",2),
  (4,"Sommer","Walter","Winterweg 3","5440","Golling","2017-03-11 00:00:00",1),
  (5,"Lechner","Kunibert","Lärchenweg 7","5440","Golling","2017-04-13 00:00:00",1),
  (6,"Tannhäuser","Theo","Tannweg 5","6020","Innsbruck","2017-04-17 00:00:00",2),
  (7,"Dorfer","Reini","Rabensteinstraße 1","6020","Innsbruck","2017-04-19 00:00:00",1),
  (8,"Müller","Michael","Abendstraße 7","6020","Innsbruck","2017-04-24 00:00:00",1),
  (9,"Bauer","Bernd","Bärenweg 9","5440","Golling","2017-04-25 00:00:00",1),
  (10,"Pichler","Berta","Bärenweg 10","5440","Golling","2017-05-04 00:00:00",2),
  (11,"Berger","Franz","Holzweg 99","5440","Golling","2017-05-07 00:00:00",2),
  (12,"Holzner","Susanne","Taubenweg 78","6020","Innsbruck","2017-05-09 00:00:00",1),
  (13,"Haubentaucher","Hubert","Rehstraße 13","6900","Innsbruck","2017-05-27 00:00:00",2),
  (14,"Bauer","Berta","Bachstraße 12","5440","Golling","2017-06-06 00:00:00",1),
  (15,"Müller","Marta","Moortal 29","5440","Golling","2017-06-13 00:00:00",2),
  (16,"Richter","Roberto","Rabensteinstraße 1","5440","Golling","2017-06-15 00:00:00",1),
  (17,"Sommer","Siegfried","Sonnenblumenstraße 7","5440","Golling","2017-06-22 00:00:00",1),
  (18,"Maier","Roberto","Rosenweg 9","5440","Golling","2017-06-24 00:00:00",1),
  (19,"Hofer","Johanna","Birnenstraße 27","5400","Hallein","2017-07-12 00:00:00",2),
  (20,"Weißmaier","Walter","Weidenweg 2","1030","Wien","2017-07-29 00:00:00",1),
  (21,"Breuer","Franz","Teichstraße 23","6020","Innsbruck","2017-08-07 00:00:00",1),
  (22,"Wagner","Waldemar","Weinstraße 12","6020","Innsbruck","2017-08-08 00:00:00",2),
  (23,"Weißmaier","Willi","Weinstraße 13","5440","Golling","2017-08-10 00:00:00",2),
  (24,"Tannhäuser","Thomas","Traumstraße 14","5440","Golling","2017-08-12 00:00:00",2),
  (25,"Pichler","Matthias","Apfelweg 9","6020","Innsbruck","2017-08-19 00:00:00",1),
  (26,"Müller","Kunibert","Moortal 29","5440","Golling","2017-08-19 00:00:00",2),
  (27,"Altmann","Fritz","Holzweg 99","5440","Golling","2017-08-27 00:00:00",1),
  (28,"Hohlbein","Matthias","Bergstraße 3","6020","Innsbruck","2017-09-03 00:00:00",1),
  (29,"Sommer","Sandra","Sonnenblumenstraße 7","6020","Innsbruck","2017-09-17 00:00:00",1),
  (30,"Sommer","Walter","Waldweg 3","6020","Innsbruck","2017-10-05 00:00:00",2),
  (31,"Fischer","Berta","Mozartplatz 7","6020","Innsbruck","2017-10-08 00:00:00",1),
  (32,"Angerer","Alfons","Markt 1","5440","Golling","2017-10-25 00:00:00",1),
  (33,"Petz","Paul","Lindenweg 9","5440","Golling","2017-10-30 00:00:00",2),
  (34,"Lechner","Roberto","Sternenplatz 7","6020","Innsbruck","2017-11-13 00:00:00",2),
  (35,"Dorfer","Paula","Schleichweg 75","6020","Innsbruck","2017-11-23 00:00:00",1),
  (36,"Bauer","Josef","Markt 1","5440","Golling","2017-11-25 00:00:00",2),
  (37,"Schwarz","Josef","Holzweg 99","1030","Wien","2017-12-08 00:00:00",1),
  (38,"Tannhäuser","Marianne","Waldweg 7","5440","Golling","2017-12-23 00:00:00",1),
  (39,"Weber","Waldemar","Steinhuberplatz 67","5400","Hallein","2017-12-25 00:00:00",2),
  (40,"Stadler","Susi","Mondweg 6","6020","Innsbruck","2017-12-29 00:00:00",1),
  (41,"Webmaster","Walter","Moortal 29","5440","Golling","2017-12-29 00:00:00",1),
  (42,"Lechner","Fritz","Tannenweg19","5440","Golling","2019-01-05 00:00:00",2),
  (43,"Müller","Michi","Tannenweg 2","6020","Judenburg","2019-01-08 00:00:00",1),
  (44,"Lechner","Egelbert","Holzweg 99","5440","Golling","2019-01-15 00:00:00",1),
  (45,"Lechner","Ottokar","Wiesengrund 9","6020","Innsbruck","2019-01-21 00:00:00",2),
  (46,"Peinbauer","Johnny","Bahnhofstraße 22","5440","Golling","2019-02-13 00:00:00",1),
  (47,"Gasthofer","Susanne","Buchleiten 77","5440","Golling","2019-02-15 00:00:00",2),
  (48,"Vierlinger","Martin","Moortal 29","5440","Golling","2019-03-06 00:00:00",1),
  (49,"Gasthofer","Hubert","Blauweg 35","5020","Salzburg","2019-03-17 00:00:00",2),
  (50,"Webmaster","Susanne","Müllerpfad 34","6020","Innsbruck","2019-03-29 00:00:00",1),
  (51,"Tauber","Edwin","Rabensteinstraße 1","6020","Innsbruck","2019-04-01 00:00:00",2);

-- INSERT INTO 28 ...
INSERT INTO `Reise` (`Reise-ID`, `Ziel`, `Hotel`, `Abreise`, `Dauer`, `Personenanzahl`) VALUES
  (3,"Las Vegas","Hotel Cesars Palace","2020-05-05 00:00:00",14,10),
  (4,"Brüssel","Grand Hotel","2020-05-18 00:00:00",7,10),
  (5,"Dublin","Hotel Guiness","2020-05-27 00:00:00",7,20),
  (7,"New York","Hotel Carlton","2019-06-19 00:00:00",9,10),
  (8,"Kairo","Hotel Palace","2019-07-04 00:00:00",8,15),
  (9,"Madeira","Hotel Sunshine","2020-07-20 00:00:00",12,10),
  (10,"New York","City Hotel","2019-07-25 00:00:00",5,10),
  (12,"Nairobi","Hotel Safari","2020-08-30 00:00:00",11,10),
  (13,"Florida","Miami Beach Motel","2019-09-04 00:00:00",15,10),
  (14,"Mexiko","Hotel Cerveza","2020-09-18 00:00:00",14,15),
  (15,"Tokio","Hotel Tokio","2020-09-23 00:00:00",14,10),
  (16,"Kuba","Hotel Havanna","2020-10-02 00:00:00",12,15),
  (18,"Tenerifa","Hotel Teide","2020-10-17 00:00:00",8,10),
  (19,"London","Best Western","2020-10-29 00:00:00",5,10),
  (21,"Rom","Hotel Roma","2020-11-23 00:00:00",4,10),
  (22,"Paris","Hotel Suzanne","2020-12-04 00:00:00",3,10),
  (23,"Peking","Hotel Chang","2020-12-09 00:00:00",14,15),
  (24,"Mexiko","Hotel Inka","2019-12-18 00:00:00",13,10),
  (25,"New York","Hotel Brooklyn Bridge","2017-12-26 00:00:00",7,20),
  (26,"Las Vegas","Hotel Cesars Palace","2020-12-29 00:00:00",5,10),
  (27,"Kairo","Hotel Palace","2019-01-17 00:00:00",10,10),
  (28,"Oslo","Hotel Björn","2019-02-03 00:00:00",5,10),
  (29,"Barrow","Hotel Aurora Borealis","2019-02-16 00:00:00",2,10),
  (31,"Florida","Miami Beach Motel","2019-03-24 00:00:00",14,10),
  (32,"Barrow","Hotel Aurora Borealis","2019-03-27 00:00:00",7,10),
  (33,"Brüssel","Grand Hotel","2019-03-30 00:00:00",6,10),
  (34,"Tokio","Hotel Tokio","2019-03-31 00:00:00",14,10),
  (35,"Madeira","Hotel Sunshine","2019-04-04 00:00:00",14,10),
  (36,"Paris","Hotel de Paris","2019-04-13 00:00:00",5,10),
  (37,"Las Vegas","Hotel Cesars Palace","2019-04-27 00:00:00",4,15),
  (38,"Nairobi","Hotel Safari","2019-05-07 00:00:00",9,10),
  (40,"Madeira","Hotel Sunshine","2019-05-24 00:00:00",8,15),
  (41,"Las Vegas","Hotel Cesars Palace","2019-06-02 00:00:00",4,10),
  (42,"London","Embassy House","2019-06-05 00:00:00",7,10),
  (43,"Nairobi","Hotel Safari","2019-06-07 00:00:00",14,10),
  (44,"Rom","Hotel Roma","2019-06-23 00:00:00",5,10),
  (45,"Tenerifa","Hotel Teide","2019-06-24 00:00:00",12,10),
  (46,"Paris","Hotel de Paris","2019-06-25 00:00:00",5,10),
  (47,"New York","City Hotel","2019-06-29 00:00:00",7,10),
  (48,"Paris","Hotel Suzanne","2019-07-12 00:00:00",5,10),
  (49,"Madeira","Hotel Sunshine","2019-07-19 00:00:00",13,10),
  (50,"Peking","Hotel Chang","2019-07-27 00:00:00",14,15),
  (51,"Paris","Hotel de Paris","2019-08-07 00:00:00",5,15),
  (52,"Kuba","Hotel Havanna","2019-08-10 00:00:00",14,10),
  (53,"Paris","Hotel Suzanne","2019-08-17 00:00:00",6,15),
  (54,"Mexiko","Hotel Cerveza","2019-08-20 00:00:00",13,10),
  (55,"Rom","Hotel Roma","2019-08-26 00:00:00",6,10),
  (56,"New York","City Hotel","2017-09-03 00:00:00",5,15),
  (57,"Rom","Hotel Roma","2019-09-09 00:00:00",5,15),
  (58,"London","Embassy House","2019-09-09 00:00:00",7,15),
  (59,"Brüssel","Grand Hotel","2019-09-18 00:00:00",5,10),
  (60,"Paris","Hotel Suzanne","2019-10-02 00:00:00",5,10),
  (61,"New York","City Hotel","2019-10-06 00:00:00",9,15),
  (62,"London","Best Western","2019-10-27 00:00:00",5,15),
  (63,"Florida","Miami Beach Motel","2019-11-08 00:00:00",14,10),
  (64,"Mexiko","Hotel Inka","2019-11-14 00:00:00",14,10),
  (65,"Teneriffa","Hotel Teide","2019-11-15 00:00:00",1,15),
  (66,"Peking","Hotel Chang","2019-11-17 00:00:00",14,10),
  (68,"Teneriffa","Hotel Teide","2019-12-05 00:00:00",7,10),
  (69,"Kairo","Hotel Palace","2019-12-18 00:00:00",7,15);

-- INSERT INTO 29 ...
INSERT INTO `Kategorien` (`Nr`, `Kategorie`) VALUES
  (1,"member"),
  (2,"guest");

-- INSERT INTO 30 ...
INSERT INTO `Schueler` (`SchuelerNr`, `Klasse`, `Familienname`, `Vorname`, `PLZ`, `Ort`, `Straße`, `Gebdatum`, `Geschlecht`, `Klassenkassa`) VALUES
  (1,"1A","Kopetzky","Sebastian","5026","Aigen","Bahnhofstraße 387/6","2012-03-24 00:00:00","m",100.0000),
  (2,"1A","Maitre","Bernd","5020","Salzburg","Geiertal 575","2012-02-16 00:00:00","m",100.0000),
  (3,"1A","Weise","Veit","5020","Salzburg","Rosengasse 565","2012-03-10 00:00:00","m",100.0000),
  (4,"1A","Gehrmann","Marcus","5020","Salzburg","Mozartweg 565","2012-12-23 00:00:00","m",50.0000),
  (5,"1A","Linde","Maria","5026","Aigen","Hintergasse 35","2012-08-20 00:00:00","m",150.0000),
  (6,"1A","Oberhofer","Ralph","5020","Salzburg","Toffenstr. 375","2012-08-07 00:00:00","m",105.0000),
  (7,"1A","Helmecke","Steffen","5026","Aigen","Voregg 5","2012-07-08 00:00:00","m",NULL),
  (8,"1A","Janßen","Fabian","5020","Salzburg","Wiesenstr. 586","2012-04-27 00:00:00","m",NULL),
  (9,"1A","Wagner","Johannes","5020","Salzburg","Wiesenstr. 558","2012-02-03 00:00:00","m",NULL),
  (10,"1A","Stöcker","Nick","5020","Salzburg","Mozartweg 578","2007-05-04 00:00:00","m",250.0000),
  (11,"1A","Berger","Timo","5020","Salzburg","Fichtenstraße 375","2007-02-06 00:00:00","m",NULL),
  (12,"1A","Jarvers","Manuel","5026","Aigen","Marktstr. 87","2012-03-05 00:00:00","m",NULL),
  (13,"1A","Friedrich","Falk","5020","Salzburg","Salzachstraße 595","2012-09-26 00:00:00","w",100.0000),
  (14,"1A","Klostereit","Anne","5020","Salzburg","Amselweg 78","2012-04-19 00:00:00","m",NULL),
  (15,"1A","Kulke","Peter","5020","Salzburg","Haarbergstr. 37","2012-11-02 00:00:00","m",150.0000),
  (16,"1A","Schuenemnn","Stefanie","5020","Salzburg","Geiertal 588","2012-05-11 00:00:00","w",NULL),
  (17,"1A","Aehle","Markus","5020","Salzburg","Schwalbenstraße 558","2012-09-07 00:00:00","m",NULL),
  (18,"1A","Jakobi","Melanie","5020","Salzburg","Zeiserlstraße 387","2012-01-06 00:00:00","m",220.0000),
  (19,"1A","Müller","Michael","5020","Salzburg","Mozartplatz 77","2012-02-26 00:00:00","m",NULL),
  (20,"1B","Ruzaf","Christoph","5026","Aigen","Torren 575","2007-01-25 00:00:00","m",230.0000),
  (21,"1B","Went","Martin","5020","Salzburg","Ginsterweg 375","2012-02-20 00:00:00","m",NULL),
  (22,"1B","Ranft","Damian","5020","Salzburg","Schwarzenbachstr. 575","2012-09-05 00:00:00","m",NULL),
  (23,"1B","Franke","Kai Benjamin","5020","Salzburg","Mozartweg 587","2012-04-23 00:00:00","m",NULL),
  (24,"1B","Nothnagel","Timur","5026","Aigen","Hintergasse 77","2012-09-26 00:00:00","m",NULL),
  (25,"1B","Wolnia","Sven","5020","Salzburg","Adlergasse 378","2012-10-25 00:00:00","m",NULL),
  (26,"1B","Matschke","Jörg","5026","Aigen","Obergäu 586a","2012-02-20 00:00:00","m",NULL),
  (27,"1B","Menzel","Christoph","5020","Salzburg","Ginsterweg 378","2012-10-22 00:00:00","m",NULL),
  (28,"1B","Pierre","Moritz","5020","Salzburg","Mozartweg 557","2012-06-14 00:00:00","m",NULL),
  (29,"1B","Dietzel","Anja","5020","Salzburg","Zeiserlstraße 578 a","2012-07-05 00:00:00","w",NULL),
  (30,"1B","Kreißig","Thomas","5020","Salzburg","Ginsterweg 385","2012-10-08 00:00:00","m",NULL),
  (31,"1B","Luding","Stefan","5020","Salzburg","Mozartweg 575","2012-06-13 00:00:00","m",NULL),
  (32,"1B","Rudolph","Thomas","5020","Salzburg","Lerchenstraße 75a","2012-02-16 00:00:00","m",NULL),
  (33,"1B","Winkler","Timo","5020","Salzburg","Bründlstr. 337","2012-09-26 00:00:00","m",140.0000),
  (34,"1B","Paulick","Janina","5020","Salzburg","Lammerstr.","2012-02-16 00:00:00","w",NULL),
  (35,"1B","Baum","Andreas","5020","Salzburg","Siedlungsstraße 538","2012-07-22 00:00:00","m",NULL),
  (36,"1B","Gaebe","Martin","5020","Salzburg","Waldeck 85","2012-10-02 00:00:00","m",NULL),
  (37,"1C","Gerstner","Sebastian","5020","Salzburg","Waldeck 87","2012-12-16 00:00:00","m",NULL),
  (38,"1C","Mohr","Erik","5020","Salzburg","Zeiserlstraße387","2012-03-18 00:00:00","m",NULL),
  (39,"1C","Schestak","Margit","5020","Salzburg","Mozartplatz 378/55","2012-03-12 00:00:00","w",NULL),
  (40,"1C","Petter","Alexander","5020","Salzburg","Rabensteinstr. 557","2012-03-18 00:00:00","m",NULL),
  (41,"1C","Schöndorfer","Marc","5020","Salzburg","Mozartplatz 65/5","2012-06-22 00:00:00","m",NULL),
  (42,"1C","Schomburg","Daniel","5020","Salzburg","Gießkandlstraße 387","2012-04-24 00:00:00","m",NULL),
  (43,"1C","Tritt","Eric","5020","Salzburg","Zeiserlstr. 577","2012-02-16 00:00:00","m",NULL),
  (44,"1C","Trottnow","Marco","5020","Salzburg","Mozartplatz 66","2012-03-30 00:00:00","m",NULL),
  (45,"1C","Eberle","Margit","5020","Salzburg","Durchlassstraße 595","2012-08-07 00:00:00","w",NULL),
  (46,"1C","Kramer","Jan","5026","Aigen","Hintergasse 596","2012-07-18 00:00:00","m",50.0000),
  (47,"1C","Steinhöfel","Peter","5020","Salzburg","Lerchenstraße 577","2012-03-25 00:00:00","m",NULL),
  (48,"1C","Krause","Rene´","5020","Salzburg","Ginsterweg 378","2012-10-23 00:00:00","m",NULL),
  (49,"1C","Stiewe","Steve","5020","Salzburg","Mozartplatz 73","2012-10-17 00:00:00","m",NULL),
  (50,"1C","Leuschner","Georg","5020","Salzburg","Zeiserlstraße 385/5","2012-09-08 00:00:00","m",NULL),
  (51,"1C","Noppe","Danniel","5026","Aigen","Toffenstraße 67","2012-01-16 00:00:00","w",NULL),
  (52,"1C","Watermann","Stefan","5020","Salzburg","Mozartplatz 56","2012-05-23 00:00:00","m",NULL),
  (53,"1C","Wuttke","Sandra","5026","Aigen","Moartalsiedlung 588","2012-12-11 00:00:00","w",NULL),
  (54,"1C","Grunze","Julia","5026","Aigen","Hintergasse 577","2012-09-09 00:00:00","w",NULL),
  (55,"2A","Prätorius","Heiko","5020","Salzburg","Ginsterweg 539","2011-07-26 00:00:00","m",NULL),
  (56,"2A","Bark","Kai","5020","Salzburg","Obergäu 86","2011-12-27 00:00:00","m",NULL),
  (57,"2A","Ihle","Peter ","5020","Salzburg","Mozartplatz 55","2011-05-23 00:00:00","m",NULL),
  (58,"2A","Helfrich","Jens","5020","Salzburg","Lerchnerstr. 535/5","2011-10-09 00:00:00","m",NULL),
  (59,"2A","Schröer","Florian","5020","Salzburg","Geiertal 555","2011-10-13 00:00:00","m",NULL),
  (60,"2A","Ballon","Nicole","5020","Salzburg","Mozartplatz 5","2011-05-03 00:00:00","m",NULL),
  (61,"2A","Wolff","Carolin","5026","Aigen","Hintergasse 86","2011-03-26 00:00:00","w",NULL),
  (62,"2A","Karthe","Daniel","5020","Salzburg","Wiesenweg 37","2011-07-11 00:00:00","m",NULL),
  (63,"2A","Tiedge","Dennis","5020","Salzburg","Gartenstraße 578","2011-02-13 00:00:00","m",NULL),
  (64,"2A","Treibl","Franzisk","5020","Salzburg","Lerchenstraße 537","2011-01-26 00:00:00","w",NULL),
  (65,"2A","Frenzel","Timo","5020","Salzburg","Ginsterweg 375","2011-07-16 00:00:00","m",NULL),
  (66,"2A","Müller","Robert","5026","Aigen","Salzachstraße 379","2011-03-30 00:00:00","m",NULL),
  (67,"2A","Guenther","Viktoria","5026","Aigen","Siedlungsstraße 536","2011-06-16 00:00:00","w",100.0000),
  (68,"2A","Denkert","Nico","5023","Koppl","Haarbergstr. 387","2011-07-20 00:00:00","m",NULL),
  (69,"2A","Mylius","Martin","5020","Salzburg","Wiesenweg 578","2011-09-20 00:00:00","m",NULL),
  (70,"2A","Fatuly","Holger","5020","Salzburg","Fischergasse 56","2011-01-23 00:00:00","m",NULL),
  (71,"2A","Hänel","Michael","5020","Salzburg","Fichtenstraße 573/6","2011-02-16 00:00:00","m",NULL),
  (72,"2A","Stölzel","Sven","5020","Salzburg","Mozartplatz 97","2011-06-12 00:00:00","m",NULL),
  (73,"2A","Stauffer","Marco","5023","Koppl","Bahnhofstraße387/6","2011-05-22 00:00:00","m",NULL),
  (74,"2A","Bradtke","Florian","5020","Salzburg","Feichtenaustr. 578","2011-05-09 00:00:00","m",NULL),
  (75,"2A","Rotter","Mike","5026","Aigen","Hintergasse 88","2011-09-20 00:00:00","m",NULL),
  (76,"2A","Zinsmeister","Stefan","5020","Salzburg","Zeiserlstr. 385/55","2011-02-04 00:00:00","m",NULL),
  (77,"2A","Scheithauer","Matthias","5020","Salzburg","Wiesenstr. 555","2011-07-27 00:00:00","m",NULL),
  (78,"2A","Weikert","Maximilian","5020","Salzburg","Mozartweg 58","2011-08-10 00:00:00","m",NULL),
  (79,"2B","Jana","Carsten","5020","Salzburg","Zeiserlstraße 385/7","2011-08-25 00:00:00","m",NULL),
  (80,"2B","Kaiser","Patrick","5020","Salzburg","Plaikhofstr. 538","2011-08-18 00:00:00","m",NULL),
  (81,"2B","Haferkorn","Björn","5020","Salzburg","Gießkandlstraße 587","2011-01-09 00:00:00","m",NULL),
  (82,"2B","Jedrzejewski","Christian","5020","Salzburg","Zeiserlstraße 385/8","2011-05-02 00:00:00","m",NULL),
  (83,"2B","Kaebel","Andreas","5026","Aigen","Marktstr. 573","2011-04-25 00:00:00","m",NULL),
  (84,"2B","Hoffmann","Jenny","5020","Salzburg","Ginsterweg 377/8","2011-03-30 00:00:00","w",NULL),
  (85,"2B","Preisig","Juergen","5020","Salzburg","Mozartweg 86","2011-05-03 00:00:00","m",NULL),
  (86,"2B","Sperling","Andreas","5020","Salzburg","Mozartplatz 78","2011-11-16 00:00:00","m",NULL),
  (87,"2B","Nitz","Werner","5020","Salzburg","Waldeck 3","2011-04-15 00:00:00","m",NULL),
  (88,"2B","Bigalke","Nicole","5020","Salzburg","Tannenstr. 557","2011-02-22 00:00:00","w",NULL),
  (89,"2B","Tietze","René","5020","Salzburg","Waldeck 56","2011-10-29 00:00:00","m",NULL),
  (90,"2B","Bernhardt","Melanie","5020","Salzburg","Mozartweg 77","2011-04-28 00:00:00","w",NULL),
  (91,"2B","Peter","Stefan","5020","Salzburg","Plaikhofweg 535","2011-10-15 00:00:00","m",NULL),
  (92,"2B","Niehm","Manuel","5020","Salzburg","Rosengasse 77","2011-02-09 00:00:00","m",NULL),
  (93,"2B","Kranzer","Barbara","5020","Salzburg","Wiesenweg 8","2011-07-30 00:00:00","w",NULL),
  (94,"2B","Fährke","Sabrina","5020","Salzburg","Rosengasse 588","2011-03-30 00:00:00","w",NULL),
  (95,"2B","Burkschat","Christian","5020","Salzburg","Lerchenstraße 73","2011-04-12 00:00:00","m",NULL),
  (96,"2B","Kottmüller","Robert","5020","Salzburg","Rosengasse 587","2011-07-27 00:00:00","m",NULL),
  (97,"2B","Linke","Christian","5020","Salzburg","Zeiserlstraße 383","2011-08-01 00:00:00","m",NULL),
  (98,"2B","Rühlemann","Sebastian","5020","Salzburg","Rosengasse 575","2011-09-21 00:00:00","m",NULL),
  (99,"2B","Keil","Harald","5020","Salzburg","Siedlungsstraße 587","2011-09-22 00:00:00","m",NULL),
  (100,"2B","Jeremie","Toni","5020","Salzburg","Amselweg 78","2011-08-25 00:00:00","m",NULL),
  (101,"2C","Pötzl","John","5020","Salzburg","Moartal 375","2011-06-20 00:00:00","m",NULL),
  (102,"2C","Oertel","Michael","5020","Salzburg","Lerchnerstr. 535","2011-12-16 00:00:00","m",NULL),
  (103,"2C","Miegel","Josef","5020","Salzburg","Obergäu 587","2011-11-07 00:00:00","m",NULL),
  (104,"2C","Deetken","Michael","5020","Salzburg","Mozartweg 538","2011-05-22 00:00:00","m",NULL),
  (105,"2C","Steinmetz","Daniel","5020","Salzburg","Geiertal 567","2011-04-25 00:00:00","m",NULL),
  (106,"2C","Schröder","Andreas","5020","Salzburg","Untergäu 537","2011-11-29 00:00:00","m",NULL),
  (107,"2C","Grünwald","Sve","5020","Salzburg","Mozartweg 575","2011-11-18 00:00:00","m",NULL),
  (108,"2C","Ruckes","Sabine","5020","Salzburg","Mozartweg 578","2011-02-16 00:00:00","w",NULL),
  (109,"2C","Lehmann","Dirk","5020","Salzburg","Gartenstraße 578","2011-06-11 00:00:00","m",NULL),
  (110,"2C","Strey","Dirk","5020","Salzburg","Mozartplatz 398","2011-02-11 00:00:00","m",NULL),
  (111,"2C","Schmeide","Lucien","5020","Salzburg","Mozartweg 83","2011-04-28 00:00:00","m",NULL),
  (112,"2C","Christian","Jan","5026","Aigen","Trögergasse 378","2011-12-27 00:00:00","m",NULL),
  (113,"2C","Salewski","Christian","5020","Salzburg","Lerchenstraße 577","2011-10-08 00:00:00","m",NULL),
  (114,"2C","Wicke","Frank","5026","Aigen","Hoferstr. 559","2011-07-17 00:00:00","m",150.0000),
  (115,"2C","Kirchhöfer","Ricardo","5020","Salzburg","Mozartweg 587","2011-07-07 00:00:00","m",NULL),
  (116,"2C","Bittner","Anika","5026","Aigen","Torren 567","2011-10-14 00:00:00","w",NULL),
  (117,"2C","Liedtke","Daniela","5020","Salzburg","Ginsterweg 575","2011-10-08 00:00:00","w",NULL),
  (118,"2C","Christian","Sandra","5020","Salzburg",NULL,"2011-01-04 00:00:00","w",NULL),
  (119,"2C","Seimetz","Juli","5020","Salzburg","Mozartweg 598","2011-12-25 00:00:00","w",NULL),
  (120,"2C","Ströder","Steffen","5020","Salzburg","Wiesenweg 587b","2011-01-19 00:00:00","m",NULL),
  (121,"3A","Behrendt","Martin","5020","Salzburg","Obergäu 585","2010-02-12 00:00:00","m",NULL),
  (122,"3A","Soest","Dominic","5020","Salzburg","Mozartplatz 7","2010-10-08 00:00:00","m",NULL),
  (123,"3A","Laier","Karsten","5023","Koppl","Bahnhofstraße 387/8","2010-03-08 00:00:00","m",NULL),
  (124,"3A","Rinke","Thilo","5020","Salzburg","Mozartweg 575","2010-07-15 00:00:00","m",NULL),
  (125,"3A","Kruse","Thomas","5020","Salzburg","Waldeck 58","2010-02-11 00:00:00","m",NULL),
  (126,"3A","Roever","Daniel","5020","Salzburg","Mozartweg 87","2010-07-08 00:00:00","m",NULL),
  (127,"3A","Langheinrich","Lysann","5020","Salzburg","Hollerstaudn. 577","2010-02-24 00:00:00","w",NULL),
  (128,"3A","Grieb","Heiko","5020","Salzburg","Mozartplatz 573","2010-09-16 00:00:00","m",NULL),
  (129,"3A","Mothes","Sven","5020","Salzburg","Zeiserlstr. 387/8","2010-04-27 00:00:00","m",NULL),
  (130,"3A","Seydewitz","Wilhelm","5020","Salzburg","Hollerstauden 555","2010-11-19 00:00:00","m",NULL),
  (131,"3A","Unger","Enrico","5026","Aigen","Hintergasse 578","2010-03-11 00:00:00","m",NULL),
  (132,"3A","Wagner","Sven","5026","Aigen","Hintergasse 568","2010-05-13 00:00:00","m",NULL),
  (133,"3A","Coello Mayor","Patrick","5026","Aigen","Obergäu 373","2010-11-29 00:00:00","m",NULL),
  (134,"3A","Killat","Nils","5020","Salzburg","Tannenweg 557","2010-12-30 00:00:00","m",NULL),
  (135,"3A","Friedrich","Florian","5026","Aigen","Salzachstraße 377","2010-03-01 00:00:00","m",NULL),
  (136,"3A","Kaleck","Thorsten","5020","Salzburg","Hollerstauden 537","2010-04-25 00:00:00","m",NULL),
  (137,"3A","Och","Carsten","5026","Aigen","Hintergasse 69","2010-04-27 00:00:00","m",NULL),
  (138,"3A","Mäser","Christian","5020","Salzburg","Zeiserlstraße 385/5","2010-04-18 00:00:00","m",NULL),
  (139,"3A","Sitz","Sylvio","5026","Aigen","Pichlerstr. 359","2010-11-29 00:00:00","m",NULL),
  (140,"3A","Schröer","Kevin","5020","Salzburg","Bründlstr. 337","2010-11-15 00:00:00","m",NULL),
  (141,"3B","Winzer","Heiko","5020","Salzburg","Hollerstauden 537/6","2010-02-20 00:00:00","m",NULL),
  (142,"3B","Sudau","Martin","5026","Aigen","Torren 587","2010-11-29 00:00:00","m",NULL),
  (143,"3B","Malten","Jörn","5020","Salzburg","Gießkandlstraße 339","2010-07-21 00:00:00","m",NULL),
  (144,"3B","Schäfer","Florian","5020","Salzburg","Ginsterweg 579","2010-06-18 00:00:00","m",NULL),
  (145,"3B","Poeverlein","Denny","5020","Salzburg","Zeiserlstraße 383/7","2010-09-08 00:00:00","m",NULL),
  (146,"3B","Hergt","Sebastian","5020","Salzburg","Geiertal 577","2010-06-18 00:00:00","m",NULL),
  (147,"3B","Könnecke","Daniel","5020","Salzburg","Gartenstraße 89","2010-08-30 00:00:00","w",NULL),
  (148,"3B","Umbach","Daniel","5020","Salzburg","Wiesenstr. 555","2010-02-14 00:00:00","m",NULL),
  (149,"3B","Paulus","Falk","5020","Salzburg","Dörflergasse 573","2010-04-27 00:00:00","m",NULL),
  (150,"3B","Moll","Michael","5020","Salzburg","Mozartplatz 66","2010-02-21 00:00:00","m",NULL),
  (151,"3B","Bax","Robert","5026","Aigen","Wallpachstr. 567","2010-04-29 00:00:00","m",NULL),
  (152,"3B","Falke","Jani-Pekka","5020","Salzburg","Geiertal 588","2010-05-11 00:00:00","w",NULL),
  (153,"3B","Krauss","Inka","5026","Aigen","Wiesenstr. 593","2010-06-20 00:00:00","w",NULL),
  (154,"3B","Nienhau","Ada","5026","Aigen","Bluntaustraße 37","2010-01-31 00:00:00","m",NULL),
  (155,"3B","Marquardt","Henry","5026","Aigen","Hintergasse 83","2010-08-14 00:00:00","m",NULL),
  (156,"3B","Marr","Andreas","5026","Aigen","Moartalstraße 377/57","2010-09-26 00:00:00","m",NULL),
  (157,"3B","Klein","Mario","5026","Aigen","Fichtenstraße 579","2010-11-13 00:00:00","m",NULL),
  (158,"3B","Voigt","Mathias","5020","Salzburg","Hollerstaudn 86","2010-10-28 00:00:00","m",NULL),
  (159,"3B","Toth","Sebastian","5026","Aigen","Marktstr. 568","2010-03-12 00:00:00","m",NULL),
  (160,"3B","Ludwig","Torsten","5026","Aigen","Klestererstr. 387","2010-04-24 00:00:00","m",NULL),
  (161,"3B","Harlin","Marcel","5020","Salzburg","Rosengasse 557","2010-11-22 00:00:00","m",NULL),
  (162,"3B","Ellger","Markus","5020","Salzburg","Geiertal 87","2010-07-28 00:00:00","m",NULL),
  (163,"3C","Holzmann","Hannes","5020","Salzburg","Adlergasse 378","2010-11-02 00:00:00","m",NULL),
  (164,"3C","Weidner","Gosbert","5020","Salzburg","Ginsterweg 377","2010-10-22 00:00:00","m",NULL),
  (165,"3C","Hübenthal","Conny","5020","Salzburg","Obergäu 595","2010-11-28 00:00:00","m",NULL),
  (166,"3C","Pflüger","Alf","5026","Aigen","Bahnhofstraße 387/5","2010-11-02 00:00:00","m",NULL),
  (167,"3C","Stolarczuk","Vergeres","5020","Salzburg","Mozartplatz 7","2010-02-23 00:00:00","m",NULL),
  (168,"3C","Schmidt","Björn","5020","Salzburg","Lammerstr. 55 a 5","2010-05-19 00:00:00","m",NULL),
  (169,"3C","Zander","Stephan","5020","Salzburg","Moartalstr. 585/57","2010-11-09 00:00:00","m",NULL),
  (170,"3C","Bormann","Robert","5020","Salzburg","Hochleitbichlstr. 579","2010-11-02 00:00:00","m",NULL),
  (171,"3C","Hesse","Birgit","5020","Salzburg","Mozartweg 69","2010-04-10 00:00:00","w",NULL),
  (172,"3C","Nowak","Ricardo","5020","Salzburg","Mozartweg 88","2010-11-10 00:00:00","m",NULL),
  (173,"3C","Linke","Yvonne","5020","Salzburg","Geiertal 585","2010-10-01 00:00:00","w",NULL),
  (174,"3C","Gerstung","Steffen","5020","Salzburg","Plaikhofstr. 73","2010-05-19 00:00:00","m",NULL),
  (175,"3C","Geib","Peter","5020","Salzburg","Gänsbichlweg 8","2010-02-14 00:00:00","m",NULL),
  (176,"3C","Heil","Robert","5020","Salzburg","Mozartplatz 875","2010-09-09 00:00:00","m",NULL),
  (177,"3C","Schröder","Rene","5020","Salzburg","Hollerstaudn 377","2010-07-25 00:00:00","m",NULL),
  (178,"3C","Peschke","Sebastian","5020","Salzburg","Plaikhofstr. 558","2010-02-11 00:00:00","m",NULL),
  (179,"3C","Fischer","Sabrina","5020","Salzburg","Schwalbenstraße 375","2010-04-30 00:00:00","w",NULL),
  (180,"3C","Jeske","Steffi","5020","Salzburg","Haarbergstr. 383","2010-07-02 00:00:00","w",NULL),
  (181,"3C","Bumeister","Dan","5020","Salzburg",NULL,"2010-11-30 00:00:00","m",NULL),
  (182,"3C","Ozanna","Heiko","5020","Salzburg","Adlergasse 377","2010-12-30 00:00:00","m",NULL),
  (183,"3C","Bittner","Frank","5020","Salzburg","Rosengasse 57","2010-05-14 00:00:00","m",NULL),
  (184,"3C","Brandner","Jörn","5020","Salzburg","Haarbergstr. 387","2010-02-14 00:00:00","m",NULL),
  (185,"3C","Richter","Markus","5020","Salzburg","Wiesenweg 585 A","2010-03-29 00:00:00","m",NULL),
  (186,"4A","Barschow","Axel","5026","Aigen","Hoferstr. 587","2009-12-20 00:00:00","m",NULL),
  (187,"4A","Hannappel","Benjamin","5026","Aigen","Bahnhofstraße 388","2009-03-25 00:00:00","m",NULL),
  (188,"4A","Wolff","Markus","5020","Salzburg","Schwalbenstraße 67","2009-05-29 00:00:00","m",NULL),
  (189,"4A","Venohr","Stefan","5020","Salzburg","Wiesenweg 5","2009-05-07 00:00:00","m",NULL),
  (190,"4A","Manz","Daniela","5023","Koppl","Hintergasse 578","2009-07-20 00:00:00","w",NULL),
  (191,"4A","Franz","Stefan","5020","Salzburg","Amselweg 595","2009-04-09 00:00:00","m",NULL),
  (192,"4A","Streif","Sebastian","5020","Salzburg","Amselweg 578","2009-01-27 00:00:00","m",NULL),
  (193,"4A","Lehmann","Daniel","5020","Salzburg","Mozartweg 87","2009-11-13 00:00:00","m",NULL),
  (194,"4A","Endtmann","Simon","5026","Aigen","Hintergasse 577","2009-10-16 00:00:00","m",NULL),
  (195,"4A","Paulick","Marc","5020","Salzburg","Mozartweg 595","2009-02-04 00:00:00","m",NULL),
  (196,"4A","Ruzafa Lozano","Dolores","5020","Salzburg","Mozartweg 55","2009-09-21 00:00:00","w",NULL),
  (197,"4A","Mundhenk","Roman","5023","Koppl","Tannenstr. 556","2009-05-08 00:00:00","m",NULL),
  (198,"4A","Karsch","Thomas","5020","Salzburg","Ginsterweg 375","2009-01-01 00:00:00","m",NULL),
  (199,"4A","Olschewski","Norbert","5020","Salzburg","Waldeck 37","2009-03-13 00:00:00","m",NULL),
  (200,"4A","Schmid","Christof","5026","Aigen","Hintergasse 578","2009-07-08 00:00:00","m",NULL),
  (201,"4A","Werne","Patrick","5026","Aigen","Hintergasse 57","2009-06-28 00:00:00","m",NULL),
  (202,"4A","Scherer","Jan","5020","Salzburg","Adlergasse 375","2009-01-23 00:00:00","m",NULL),
  (203,"4A","Zepezauer","Sebastian","5020","Salzburg","Amselweg 577","2009-03-30 00:00:00","m",NULL),
  (204,"4A","Seeger","Marcel","5020","Salzburg","Mozartweg 583","2009-09-10 00:00:00","m",NULL),
  (205,"4A","Barth","Daniela","5026","Aigen","Hintergasse 87","2009-03-21 00:00:00","w",NULL),
  (206,"4A","Mayerhöfer","Veronika","5020","Salzburg","Haydnstraße 357","2009-02-24 00:00:00","w",NULL),
  (207,"4A","Smid","Sandro","5400","Salzburg","Moartalstr. 399","2009-05-09 00:00:00","m",NULL),
  (208,"4A","Kaden","Till","5020","Salzburg","Kiefernstr. 555","2009-05-20 00:00:00","m",NULL),
  (209,"4A","Heber","Ronny","5023","Koppl","Kellau 67","2009-10-03 00:00:00","m",NULL),
  (210,"4A","Timplan","Rene","5026","Aigen","Wasserfallstraße 89","2009-02-14 00:00:00","m",NULL),
  (211,"4A","Mägdefrau","Nadine","1010","Wien","Felberstraße 385/6","2009-08-21 00:00:00","w",NULL),
  (212,"4B","Ludwig","Stefan","5020","Salzburg","Mozartplatz 3-8","2009-12-10 00:00:00","m",NULL),
  (213,"4B","Ringleb","Thilo","5020","Salzburg","Geiertal 558","2009-11-24 00:00:00","m",NULL),
  (214,"4B","Züchner","Mike","5020","Salzburg","Obergäu 398","2009-11-08 00:00:00","m",NULL),
  (215,"4B","Nelke","Philipp","5020","Salzburg","Hochleitbichl 555/5","2009-10-23 00:00:00","m",NULL),
  (216,"4B","Lemke","Markus","5020","Salzburg","Kuchl 587b","2009-07-05 00:00:00","m",NULL),
  (217,"4B","Schaefer","Julia","5020","Salzburg","Mozartweg 78","2009-11-05 00:00:00","m",NULL),
  (218,"4B","Lehmann","Jan","5020","Salzburg","Kaindlstr. 377","2009-05-19 00:00:00","m",NULL),
  (219,"4B","Hilmer","Bastian","5026","Aigen","Bluntaustraße 559","2009-09-04 00:00:00","m",NULL),
  (220,"4B","Seidl","Robin","5400","Hallein","Kiefernstr. 576","2009-02-24 00:00:00","m",NULL),
  (221,"4B","Fuchs","Denis","5020","Salzburg","Zeiserlstraße 385/6","2009-08-16 00:00:00","m",NULL),
  (222,"4B","Gent","Kevin","5020","Salzburg","Rosengasse 598","2009-01-11 00:00:00","m",NULL),
  (223,"4B","Kloß","Michael","5020","Salzburg","Waldeck 37","2009-07-30 00:00:00","m",NULL),
  (224,"4B","Schulz","Christian","5020","Salzburg","Wiesenstr. 565","2009-04-04 00:00:00","m",NULL),
  (225,"4B","Greiner","Elisabeth","5023","Koppl","Moosegg 59","2009-01-16 00:00:00","w",NULL),
  (226,"4B","Kahlmann","David","5020","Salzburg","Scnöllstraße 56","2009-10-07 00:00:00","m",NULL),
  (227,"4B","Hanitzsch","Michaela","5026","Aigen","Marktstr. 77","2009-12-09 00:00:00","w",NULL),
  (228,"4B","Koch","Madlen","5020","Salzburg","Wiesenweg 578","2009-08-10 00:00:00","w",NULL),
  (229,"4B","Glöckner","Andreas","5020","Salzburg","Mozartplatz 79","2009-12-31 00:00:00","m",NULL),
  (230,"4B","Koelen","Sven","5026","Aigen","Hintergasse 573","2009-08-13 00:00:00","m",NULL),
  (231,"4B","Neumann","Peter","5026","Aigen","Bahnhofstr. 385/55","2009-05-02 00:00:00","m",NULL),
  (232,"4B","Lau","Ramon","5020","Salzburg","Waldeck 35 A","2009-06-28 00:00:00","m",NULL),
  (233,"4B","Haberkorn","Matthias","5026","Aigen","Bluntaustraße 575","2009-09-29 00:00:00","m",NULL),
  (234,"4B","Hopff","Dennise","5020","Salzburg","Adlergasse 373","2009-12-31 00:00:00","w",NULL),
  (235,"4B","Sich","Andre","5026","Aigen","Taggerstraße 576","2009-04-18 00:00:00","w",NULL),
  (236,"4B","Mitnacht","Katja","5020","Salzburg","Mozartplatz 77","2009-04-04 00:00:00","w",NULL);

-- INSERT INTO 31 ...
INSERT INTO `Payments` (`ID`, `LastName`, `FirstName`, `Paid`, `Updated`) VALUES
  ("AS1","Smith","Adele",920.0000,"2019-10-22 00:00:00"),
  ("GG1","Gorski","George",750.0000,"2002-02-04 00:00:00"),
  ("JA1","Agar","John",1200.0000,"2002-05-11 00:00:00"),
  ("JS1","Smith","Jerry",340.0000,"2002-03-02 00:00:00"),
  ("KP1","Patel","Khalid",1000.0000,"2002-03-12 00:00:00"),
  ("LT1","Tradski","Lori",200.0000,"2002-01-04 00:00:00"),
  ("NG1","Gorski","Nancy",200.0000,"2002-01-04 00:00:00"),
  ("PH1","Handel","Paul",600.0000,"2002-02-22 00:00:00"),
  ("SH1","Hammer","Sue",500.0000,"2002-03-22 00:00:00"),
  ("SP1","Patel","Sudha",1201.0000,"2019-10-22 00:00:00"),
  ("SP2","Philips","Sonia",1200.0000,"2002-04-15 00:00:00");

-- INSERT INTO 32 ...
INSERT INTO `cliente` (`codigo`, `nombre`, `telefono`, `nick`, `pass`) VALUES
  (1,"Juan Luis","111111111","juli","juli"),
  (2,"Ana Torres","222222222","anto","anto"),
  (3,"Vicente Rodríguez","333333333","viro","viro"),
  (4,"Laura Molina","444444444","laumo","laumo"),
  (5,"Ramiro Rico","555555555","rari","rari");

-- INSERT INTO 33 ...
INSERT INTO `reservas` (`cliente`, `vehiculo`, `inicio`, `fin`) VALUES
  (1,"1111-ABC","2017-02-13 00:00:00","2017-02-14 00:00:00"),
  (2,"2222-ABC","2017-03-06 00:00:00","2017-03-08 00:00:00"),
  (2,"1111-ABC","2017-02-12 00:00:00","2017-02-15 00:00:00"),
  (1,"2222-ABC","2017-02-13 00:00:00","2017-02-15 00:00:00"),
  (3,"2222-ABC","2017-02-18 00:00:00","2017-02-19 00:00:00"),
  (5,"3333-ABC","2017-02-15 00:00:00","2017-02-19 00:00:00"),
  (1,"4444-ABC","2017-03-05 00:00:00","2017-03-07 00:00:00"),
  (4,"3333-ABC","2017-03-02 00:00:00","2017-03-09 00:00:00"),
  (4,"2222-ABC","2017-03-01 00:00:00","2017-03-02 00:00:00"),
  (2,"GR-1111-A","2017-03-15 00:00:00","2017-03-21 00:00:00"),
  (2,"1111-ABC","2017-03-27 00:00:00","2017-03-29 00:00:00"),
  (3,"GR-1111-A","2017-03-08 00:00:00","2017-03-15 00:00:00"),
  (5,"GR-1111-A","2017-03-03 00:00:00","2017-03-05 00:00:00"),
  (5,"4444-ABC","2017-03-19 00:00:00","2017-03-21 00:00:00"),
  (1,"1111-ABC","2017-03-24 00:00:00","2017-03-29 00:00:00"),
  (2,"4444-ABC","2017-03-30 00:00:00","2017-03-31 00:00:00"),
  (4,"1111-ABC","2017-03-24 00:00:00","2017-03-26 00:00:00"),
  (4,"4444-ABC","2017-03-03 00:00:00","2017-03-09 00:00:00"),
  (5,"1111-ABC","2017-03-05 00:00:00","2017-03-08 00:00:00"),
  (3,"GR-1111-A","2017-03-12 00:00:00","2017-03-16 00:00:00"),
  (1,"1234-GR","2017-03-01 00:00:00","2017-03-31 00:00:00");

-- INSERT INTO 34 ...
INSERT INTO `vehiculo` (`matricula`, `modelo`, `marca`, `n_puertas`, `categoria`, `precio`) VALUES
  ("1111-ABC","307","Peugeot","5",1,50),
  ("3333-ABC","C4","Citroen","3",3,30),
  ("4444-ABC","206","Peugeot","5",2,45),
  ("1234-GR","Testarossa","Ferrari","3",1,100),
  ("AIE-1234","bLOP","SCAdodle","4",2,30),
  ("2222-ABC","Cactus","Citroen","5",1,50),
  ("GR-1111-A","Astra","Opel","3",2,45);

-- INSERT INTO 35 ...
INSERT INTO `Mitglieder` (`Mitgliedsnr`, `Name`, `Vorname`, `Geschlecht`, `Straße`, `PLZ`, `Geburtsdatum`, `Beitrag`, `Bundesland`, `Gründer`) VALUES
  (1,"Müller","Martin","m","Maiweg 7","5440","1972-04-03 00:00:00",-150.0000,"S",1),
  (2,"Huber","Hubert","m","Bergstraße 3","5440","1970-07-07 00:00:00",0.0000,"S",1),
  (3,"Sommer","Sandra","w","Sonnenblumenstraße 7","5440","2002-01-05 00:00:00",-80.0000,"S",0),
  (4,"Sommer","Walter","m","Winterweg 3","5440","1969-09-07 00:00:00",-150.0000,"S",1),
  (5,"Lechner","Kunibert","m","Lärchenweg 7","5440","1998-12-08 00:00:00",-80.0000,"S",0),
  (6,"Tannhäuser","Theo","m","Tannweg 5","5440","1968-03-07 00:00:00",0.0000,"S",1),
  (9,"Bauer","Bernd","m","Bärenweg 9","6020","1991-08-17 00:00:00",0.0000,"T",0),
  (10,"Pichler","Berta","m","Bärenweg 10","6020","2001-08-05 00:00:00",-80.0000,"T",0),
  (11,"Berger","Franz","m","Holzweg 99","6020","1997-02-16 00:00:00",0.0000,"T",0),
  (12,"Holzner","Susanne","w","Taubenweg 78","5081","1993-07-06 00:00:00",-150.0000,"S",0),
  (13,"Haubentaucher","Hubert","m","Rehstraße 13","5440","1978-07-07 00:00:00",0.0000,"S",0),
  (14,"Bauer","Berta","w","Bachstraße 12","7000","1985-02-03 00:00:00",-150.0000,"K",0),
  (15,"Müller","Marta","w","Moortal 29","6900","1985-04-07 00:00:00",0.0000,"T",0),
  (16,"Richter","Roberto","m","Rabensteinstraße 1","5400","1987-07-07 00:00:00",0.0000,"S",0),
  (17,"Sommer","Siegfried","m","Sonnenblumenstraße 7","5440","2000-01-01 00:00:00",-150.0000,"S",0),
  (18,"Maier","Roberto","m","Rosenweg 9","6020","1991-09-03 00:00:00",-150.0000,"T",0),
  (19,"Hofer","Johanna","w","Birnenstraße 27","5440","1970-08-05 00:00:00",-240.0000,"S",0),
  (20,"Weißmaier","Walter","m","Weidenweg 2","6020","1962-07-04 00:00:00",-80.0000,"T",0),
  (21,"Breuer","Franz","m","Teichstraße 23","6020","1977-09-01 00:00:00",-150.0000,"T",0),
  (22,"Wagner","Waldemar","m","Weinstraße 12","5440","1969-02-28 00:00:00",0.0000,"S",0),
  (23,"Weißmaier","Willi","m","Weinstraße 13","5440","2002-12-31 00:00:00",-80.0000,"S",0),
  (24,"Tannhäuser","Thomas","m","Traumstraße 14","5440","1965-03-19 00:00:00",-80.0000,"S",0),
  (25,"Pichler","Matthias","m","Apfelweg 9","5440","1970-09-03 00:00:00",0.0000,"S",0),
  (26,"Müller","Kunibert","m","Moortal 29","6020","1973-07-05 00:00:00",-80.0000,"T",0),
  (27,"Altmann","Fritz","m","Holzweg 99","6020","1970-08-04 00:00:00",0.0000,"T",0),
  (28,"Hohlbein","Matthias","m","Bergstraße 3","5440","1965-08-05 00:00:00",60.0000,"S",1),
  (29,"Sommer","Sandra","w","Sonnenblumenstraße 7","5440","1972-09-04 00:00:00",-80.0000,"S",0),
  (30,"Sommer","Walter","m","Waldweg 3","5440","1970-08-06 00:00:00",-150.0000,"S",0),
  (38,"Fischer","Berta","w","Mozartplatz 7","6020","1964-09-15 00:00:00",0.0000,"T",1),
  (31,"Angerer","Alfons","m","Markt 1","6020","1999-12-08 00:00:00",0.0000,"T",0),
  (32,"Petz","Paul","m","Lindenweg 9","5440","1970-08-06 00:00:00",-80.0000,"S",1),
  (33,"Lechner","Roberto","m","Sternenplatz 7","5440","1963-12-12 00:00:00",0.0000,"S",1),
  (34,"Dorfer","Paula","w","Schleichweg 75","5440","1960-11-03 00:00:00",0.0000,"S",1),
  (35,"Bauer","Josef","m","Markt 1","5440","2000-09-05 00:00:00",0.0000,"S",0),
  (36,"Schwarz","Josef","m","Holzweg 99","6020","1971-05-09 00:00:00",0.0000,"S",0),
  (37,"Tannhäuser","Marianne","w","Waldweg 7","5440","1968-08-31 00:00:00",0.0000,"S",0),
  (39,"Weber","Waldemar","m","Steinhuberplatz 67","5440","1967-04-12 00:00:00",0.0000,"S",1),
  (40,"Stadler","Susi","w","Mondweg 6","1030","1989-09-13 00:00:00",-80.0000,"W",0),
  (41,"Webmaster","Walter","m","Moortal 29","5440","1996-12-12 00:00:00",-80.0000,"S",0),
  (42,"Lechner","Fritz","m","Tannenweg19","5440","1975-05-13 00:00:00",0.0000,"S",0),
  (44,"Lechner","Egelbert","m","Holzweg 99","5440","1975-06-03 00:00:00",0.0000,"S",0),
  (45,"Lechner","Ottokar","m","Wiesengrund 9","6020","1977-03-03 00:00:00",0.0000,"T",0),
  (46,"Peinbauer","Johnny","m","Bahnhofstraße 22","6020","1971-05-05 00:00:00",0.0000,"T",0),
  (47,"Gasthofer","Susanne","w","Buchleiten 77","6020","1971-07-03 00:00:00",-80.0000,"T",0),
  (48,"Vierlinger","Martin","m","Moortal 29","5440","1969-07-01 00:00:00",-80.0000,"S",1),
  (49,"Gasthofer","Hubert","m","Blauweg 35","5440","1970-05-06 00:00:00",0.0000,"S",1),
  (50,"Webmaster","Susanne","w","Müllerpfad 34","6020","1970-08-03 00:00:00",0.0000,"T",1),
  (51,"Tauber","Edwin","m","Rabensteinstraße 1","5440","1962-08-01 00:00:00",-80.0000,"S",0),
  (52,"Fischer","Fritz","m","Bachstraße 12","6020","1963-05-04 00:00:00",0.0000,"T",1),
  (53,"Schönberger","Susi","w","Teichstraße 23","5400","1970-03-03 00:00:00",-80.0000,"S",0),
  (54,"Webmaster","Susi","w","Bergstraße 3","5440","1970-07-04 00:00:00",-150.0000,"S",0),
  (55,"Hofer","Marianne","w","Holzweg 99","6020","1970-07-06 00:00:00",0.0000,"T",0),
  (56,"Karter","Susi","w","Landstraße 4","5440","1968-05-05 00:00:00",0.0000,"S",1),
  (57,"Holzner","Matthias","m","Tannenweg 9","1040","1970-07-04 00:00:00",-80.0000,"W",0),
  (58,"Webmaster","Barbara","w","Waldweg 1","5440","1986-05-01 00:00:00",0.0000,"S",1),
  (59,"Grobhofer","Susanne","m","Schulstraße 211","1030","1970-07-04 00:00:00",-80.0000,"W",0),
  (60,"Weiss","Walter","m","Rabensteinstraße 1","5440","1971-08-05 00:00:00",-80.0000,"S",0),
  (61,"Haubentaucher","Johnny","m","Rehstraße 13","6020","1972-07-01 00:00:00",-80.0000,"T",1),
  (62,"Pachinger","Rosalinde","w","Beethovenweg 7","6020","1971-08-03 00:00:00",-150.0000,"T",0),
  (63,"Lechner","Martin","m","Fichtenweg 75","5440","1973-07-01 00:00:00",0.0000,"S",0),
  (64,"Palmetshofer","Paula","w","Marktplatz 7","5440","1976-07-04 00:00:00",0.0000,"S",0),
  (65,"Haubentaucher","Kunibert","m","Buchleiten 39","6020","1961-06-03 00:00:00",0.0000,"T",1),
  (66,"Moser","Nessie","w","Schulstraße 211","5440","1969-08-05 00:00:00",-80.0000,"S",0),
  (67,"Hochleitner","Nessie","w","Markt 1","6020","1987-07-06 00:00:00",0.0000,"T",0),
  (68,"Dorfer","Didi","m","Rehstraße 13","6020","1970-08-07 00:00:00",0.0000,"T",1),
  (69,"Förster","Franz","m","Lichtenberg 2","6020","1990-06-15 00:00:00",0.0000,"T",0),
  (70,"Steiger","Sandra","w","Schleichweg 78","6020","1989-07-06 00:00:00",-80.0000,"T",0),
  (8,"Müller","Michael","m","Abendstraße 7","6020","1989-01-03 00:00:00",-80.0000,"T",0),
  (7,"Saric","Reinhold","m","Rabensteinstraße 1","6020","1970-06-24 00:00:00",-240.0000,"T",1),
  (43,"Müller","Michael","w","Tannenweg 2","6020","1993-11-11 00:00:00",0.0000,"T",0);

-- INSERT INTO 36 ...
INSERT INTO `Artikel` (`Nr`, `Artikel`, `Code`) VALUES
  (1,"Batikshirt",1),
  (2,"Top",2),
  (3,"Sweater",3),
  (4,"Kapuzenshirt",4);

-- INSERT INTO 37 ...
INSERT INTO `Filialen` (`Nr`, `Filiale`, `PLZ`) VALUES
  (1,"Salzburg","5020"),
  (2,"Innsbruck","6020"),
  (3,"Klagenfurt","9020"),
  (4,"Wien","1010"),
  (5,"Linz","4020");

-- INSERT INTO 38 ...
INSERT INTO `Bestellung` (`BestellNr`, `KundeNr`, `ArtikelNr`, `BestellDatum`) VALUES
  (1,1,3,"2021-06-21 00:00:00"),
  (2,3,3,"2021-06-21 00:00:00"),
  (3,4,2,"2021-06-21 00:00:00"),
  (4,5,3,"2021-06-21 00:00:00"),
  (5,1,1,"2021-06-21 00:00:00");

-- INSERT INTO 39 ...
INSERT INTO `Brasilien` (`ID-Nr`, `Name`, `richtiger Name`, `Geburtsjahr`, `Verein`, `Position`) VALUES
  (1,"Dida","Nelson Jesus da Silva",1973,"AC Milan",1),
  (2,"Cafu","Marcos Evangelista de Moraes",1970,"AC Milan",2),
  (3,"Cicinho","Cicero Joao de Cezare",1980,"Real Madrid",2),
  (4,"Lucio","Lucimar da Silva Ferrreira",1978,"Bayern München",2),
  (5,"Roberto Carlos","Roberto Carlos da Silva",1973,"Real Madrid",2),
  (6,"Roque Junior","Jose Vitor Roque Junior",1976,"Bayer Leverkusen",2),
  (7,"Emerson","Emerson Ferreira da Rosa",1976,"Juventus",3),
  (8,"Ze Roberto","Jose Roberto das Silva Junior",1974,"Bayern München",3),
  (9,"Kaka","Ricardo Izecson dos Santos Leite",1982,"AC Milan",3),
  (10,"Ronaldinho","Ronaldo Assis de Moreira",1980,"Barcelona",4),
  (11,"Adriano","Adriano Leite Ribeiro",1982,"Inter Mailand",4),
  (12,"Robinho","Robson de Souza",1984,"Real Madrid",4),
  (13,"Fritz","Juan Silveira dos Santos",1979,"Bayer Leverkusen",2),
  (14,"Julio Baptista","Julio Cesar Baptista",1981,"Real Madrid",3),
  (15,"Renato","Renato Dirnei Florencio",1979,"Sevilla",3);

-- INSERT INTO 40 ...
INSERT INTO `Deutschland` (`ID-Nr`, `Name`, `Vorname`, `Geburtsjahr`, `Verein`, `Position`, `Nationalität`) VALUES
  (1,"Kahn","Oliver",1969,"Bayern München",1,"D"),
  (2,"Ballack","Michael",1976,"Bayern München",3,"D"),
  (3,"Deisler","Sebastian",1980,"Bayern München",3,"D"),
  (4,"Frings","Torsten",1976,"Werder Bremen",3,"D"),
  (5,"Schneider","Bernd",1973,"Bayer Leverkusen",3,"D"),
  (6,"Klose","Miroslav",1978,"Werder Bremen",4,"D"),
  (7,"Asamoah","Gerald",1978,"Schalke 04",4,"D"),
  (8,"Kuranyi","Kevin",1982,"Schalke 04",4,"D"),
  (9,"Schweinsteiger","Bastian",1984,"Bayern München",3,"D"),
  (10,"Huth","Robert",1984,"Chelsea",2,"D"),
  (11,"Friedrich","Arne",1979,"Hertha BSC Berlin",2,"D"),
  (12,"Lahm","Philipp",1983,"Bayern München",2,"D"),
  (13,"Mertesacker","Per",1984,"Hannover 96",2,"D"),
  (14,"Owomoyela","Patrick",1979,"Werder Bremen",2,"D"),
  (15,"Borowski","Tim",1980,"Werder Bremen",3,"D"),
  (16,"Ernst","Fabian",1979,"Schalke 04",3,"D");

-- INSERT INTO 41 ...
INSERT INTO `England` (`ID-Nr`, `Name`, `Vorname`, `Geburtsjahr`, `Verein`, `Position`) VALUES
  (1,"Robinson","Paul",1979,"Tottenham Hotspur",1),
  (2,"Sol","Campell",1974,"Arsenal",2),
  (3,"Neville","Gary",1975,"Manchester United",2),
  (4,"Terry","John",1980,"Chelsea",2),
  (5,"Beckham",NULL,1975,"Real Madrid",3),
  (6,"Owen","Michael",1979,"Newcastle United",4),
  (7,"Defoe","Jermain",1982,"Tottenham Hotspur",4),
  (8,"Cole","Ashley",1980,"Arsenal",3),
  (9,"Lampard","Frank",1978,"Chelsea",3),
  (10,"Carragher","Jamie",1978,"Liverpool",2),
  (11,"Ferdinand","Rio",1978,"Manchester United",2),
  (12,"Gerrard","Steven",1980,"Liverpool",3),
  (13,"Wright-Williams","Shaun",1981,"Chelsea",3),
  (14,"Crouch","Peter",1981,"Liverpool",4),
  (15,"King","Ledley",1980,"Tottenham Hotspur",2),
  (16,NULL,NULL,0,NULL,0);

-- INSERT INTO 42 ...
INSERT INTO `Frankreich` (`ID-Nr`, `Name`, `Vorname`, `Geburtsjahr`, `Verein`, `Position`) VALUES
  (1,"Barthez","Fabien",1971,"Marseille",1),
  (2,"Trezeguet","David",1977,"Juventus",4),
  (3,"Henry","Thierry",1977,"Arsenal",4),
  (4,"Zidane","Zinedine",1972,"Real Madrid",3),
  (5,"Makelele","Claude",1973,"Chelsea",3),
  (6,"Boumsong","Jean Alain",1979,"Newcastle United",2),
  (7,"Gallas","William",1977,"Chelsea",2),
  (8,"Givet","Gael",1981,"Monaco",2),
  (9,"Sagnol","Willy",1977,"Bayern München",2),
  (10,"Thuram","Lilian",1972,"Juventus",2),
  (11,"Dhorasoo","Vikash",1973,"Paris Saint-German",3),
  (12,"Diarra","Alou",1981,"Lens",4),
  (13,"Malouda","Florent",1980,"Lyon",3),
  (14,"Vieira","Patrick",1976,"Juventus",3),
  (15,"Cisse","Djibril",1981,"Liverpool",3),
  (17,"Wiltord","Sylvain",1974,"Lyon",4);

-- INSERT INTO 43 ...
INSERT INTO `Niederlande` (`ID-NR`, `Name`, `Vorname`, `Geburtsjahr`, `Verein`, `Position`) VALUES
  (1,"Van der Sar","Edwin",1970,"Manchester United",1),
  (2,"Van Bronckhorst","Giovanni",1975,"Barcelona",2),
  (3,"Robben","Arjen",1984,"Chelsea",4),
  (4,"Van Persie","Robin",1983,"Arsenal",4),
  (5,"Van Nistelrooy","Ruud",1976,"Manchester United",4),
  (6,"Boulahrouz","Khalid",1981,"Hamburger SV",2),
  (7,"Mathusen","Joris",1980,"AZ Alkmaar",2),
  (8,"Ooiljer","Andre",1974,"PSV Eindhoven",2),
  (9,"Opdam","Barry",1976,"AZ Alkmaar",2),
  (10,"Cocu","Philipp",1970,"PSV Eindhoven",3),
  (11,"Landzaat","Denny",1976,"AZ Alkmaar",3),
  (12,"Van Bommel","Mark",1977,"Barcelona",3),
  (13,"Van der Vart","Rafael",1983,"Hamburger SV",3),
  (14,"Kuyt","Dirk",1980,"Feyenoord",3),
  (15,"Of Hesselink","Jan Vennegoor",1978,"PSV Eindhoven",4);

-- INSERT INTO 44 ...
INSERT INTO `Position1` (`ID-Nr`, `Kategorie`, `Position`) VALUES
  (1,1,"Tor"),
  (2,2,"Verteidigung"),
  (3,3,"Mittelfeld"),
  (4,4,"Sturm");

-- INSERT INTO 45 ...
INSERT INTO `Position2` (`ID`, `Spieler`, `Position`) VALUES
  (1,1,1),
  (2,2,2),
  (3,3,3),
  (4,4,4);

-- INSERT INTO 46 ...
INSERT INTO `Prämie` (`ID-NR`, `Spieler`, `Prämie`) VALUES
  (1,"1",100.0000),
  (2,"2",150.0000),
  (3,"3",100.0000),
  (4,"4",150.0000),
  (5,"5",100.0000),
  (6,"6",150.0000),
  (7,"7",100.0000),
  (8,"8",150.0000),
  (9,"9",150.0000),
  (10,"10",100.0000),
  (11,"11",150.0000),
  (12,"12",100.0000),
  (13,"13",150.0000),
  (14,"14",150.0000),
  (15,"15",100.0000),
  (16,"16",150.0000);

-- INSERT INTO 47 ...
INSERT INTO `Prämie2` (`ID-NR`, `Spieler`, `Prämie`) VALUES
  (1,"Fritz",100.0000),
  (2,"Fritz",150.0000),
  (3,"Fritz",100.0000),
  (4,"Sepp",150.0000),
  (5,"Sepp",100.0000),
  (6,"Sepp",150.0000),
  (7,"Sepp",100.0000),
  (8,"Max",150.0000),
  (9,"Max",150.0000),
  (10,"Max",100.0000),
  (11,"Max",150.0000),
  (12,"Max",100.0000);

-- INSERT INTO 48 ...
INSERT INTO `Argentinien` (`ID-Nr`, `Name`, `Vorname`, `Geburtsjahr`, `Verein`, `Position`) VALUES
  (1,"Abbonanzieri","Roberto",1972,"Boca Juniors",1),
  (2,"Ayala","Roberto",1973,"Valencia",2),
  (3,"Coloccini","Fabricio",1982,"La Coruna",2),
  (4,"Heinze","Ivan",1978,"Manchester United",2),
  (5,"Samuel","Walter",1978,"Inter Mailand",2),
  (6,"Zanetti","Javier",1973,"Inter Mailand",2),
  (7,"Aimar","Pablo",1979,"Valencia",3),
  (8,"Cambiasso","Esteban",1979,"Inter Mailand",3),
  (9,"D`Allessandro","Andres",1981,"Portsmouth",3),
  (10,"Mascherano","Javier",1984,"Corinthias",3),
  (11,"Riquelme","Juan",1978,"Villareal",3),
  (12,"Sorin","Juan Pablo",1976,"Villareal",3),
  (13,"Veron","Sebastian",1975,"Inter Mailand",3),
  (14,"Crespo","Hernan",1975,"Chelsea",4),
  (15,"Messi","Lionel",1987,"Barcelona",4),
  (16,"Saviola","Javier",1981,"Sevilla",4);